Inning_ID,Match_Date,Year,Format,Opponent,Venue,Batting_Position,Runs,Balls_Faced,Fours,Sixes,Strike_Rate,Dismissal,Not_Out,Result,Is_Century,Is_Half_Century,Boundary_Runs,Dot_Balls
1,2008-12-15,2008,ODI,West Indies,Melbourne Cricket Ground,3,88,86,13,0,102.33,Caught,0,Won,0,1,52,37
2,2008-12-05,2008,ODI,Zimbabwe,Melbourne Cricket Ground,3,6,7,1,0,85.71,Not Out,1,Lost,0,0,4,4
3,2008-05-12,2008,ODI,Zimbabwe,Sydney Cricket Ground,3,95,112,14,0,84.82,Caught,0,Won,0,1,56,59
4,2008-04-22,2008,ODI,Australia,"Wankhede Stadium, Mumbai",3,63,57,9,0,110.53,Bowled,0,Won,0,1,36,21
5,2008-10-24,2008,ODI,Zimbabwe,"Eden Gardens, Kolkata",3,85,77,13,0,110.39,Not Out,1,Won,0,1,52,31
6,2008-03-14,2008,ODI,South Africa,"Wankhede Stadium, Mumbai",3,4,4,1,0,100.0,Caught,0,Lost,0,0,4,3
7,2008-11-28,2008,ODI,New Zealand,"Premadasa, Colombo",3,3,3,0,0,100.0,LBW,0,Won,0,0,0,0
8,2008-07-28,2008,ODI,England,"Wankhede Stadium, Mumbai",3,3,4,0,0,75.0,Caught,0,Lost,0,0,0,1
9,2008-06-10,2008,ODI,South Africa,Sydney Cricket Ground,3,29,33,5,0,87.88,Caught,0,Lost,0,0,20,19
10,2008-07-11,2008,ODI,South Africa,"Chinnaswamy Stadium, Bengaluru",3,117,133,19,1,87.97,Caught,0,Won,1,0,82,78
11,2008-11-27,2008,ODI,England,Melbourne Cricket Ground,3,8,9,1,0,88.89,LBW,0,Lost,0,0,4,4
12,2008-03-19,2008,ODI,Australia,"Chinnaswamy Stadium, Bengaluru",4,107,127,20,0,84.25,Caught,0,Won,1,0,80,80
13,2008-10-17,2008,ODI,New Zealand,"Wankhede Stadium, Mumbai",3,122,116,18,1,105.17,LBW,0,Lost,1,0,78,53
14,2008-01-17,2008,ODI,South Africa,Sydney Cricket Ground,3,15,17,3,0,88.24,Caught,0,Won,0,0,12,11
15,2008-11-11,2008,ODI,South Africa,Melbourne Cricket Ground,3,8,9,1,0,88.89,Caught,0,Won,0,0,4,4
16,2008-05-22,2008,ODI,Sri Lanka,Adelaide Oval,3,15,14,2,0,107.14,Bowled,0,Won,0,0,8,5
17,2008-11-13,2008,ODI,England,"Premadasa, Colombo",3,49,49,7,0,100.0,Caught,0,Lost,0,0,28,21
18,2008-09-27,2008,ODI,West Indies,"Wankhede Stadium, Mumbai",3,24,24,4,0,100.0,Caught,0,Lost,0,0,16,12
19,2009-11-11,2009,ODI,South Africa,Adelaide Oval,3,160,168,27,0,95.24,Caught,0,Lost,1,0,108,89
20,2009-12-06,2009,ODI,South Africa,"Premadasa, Colombo",3,127,130,23,0,97.69,LBW,0,Lost,1,0,92,72
21,2009-11-10,2009,ODI,Sri Lanka,"Eden Gardens, Kolkata",3,138,127,24,0,108.66,Caught,0,Won,1,0,96,61
22,2009-08-20,2009,ODI,West Indies,Sydney Cricket Ground,3,97,120,15,0,80.83,Caught,0,Lost,0,1,60,68
23,2009-04-23,2009,ODI,Bangladesh,"Premadasa, Colombo",3,9,10,2,0,90.0,Not Out,1,Lost,0,0,8,7
24,2009-01-25,2009,ODI,Pakistan,Sydney Cricket Ground,3,1,1,0,0,100.0,Bowled,0,Won,0,0,0,0
25,2009-12-17,2009,ODI,Sri Lanka,Adelaide Oval,2,3,3,0,0,100.0,Caught,0,Won,0,0,0,0
26,2009-11-17,2009,ODI,Sri Lanka,Melbourne Cricket Ground,3,10,10,2,0,100.0,Caught,0,Won,0,0,8,6
27,2009-09-14,2009,ODI,Bangladesh,Sydney Cricket Ground,3,6,6,1,0,100.0,Not Out,1,Won,0,0,4,3
28,2009-08-15,2009,ODI,Bangladesh,"Chinnaswamy Stadium, Bengaluru",3,113,101,17,3,111.88,Caught,0,Lost,1,0,86,54
29,2009-11-08,2009,ODI,England,"Chinnaswamy Stadium, Bengaluru",3,103,96,17,0,107.29,Run Out,0,Lost,1,0,68,44
30,2009-09-03,2009,ODI,England,"Eden Gardens, Kolkata",3,12,14,2,0,85.71,Caught,0,Won,0,0,8,8
31,2009-02-14,2009,ODI,Pakistan,Adelaide Oval,3,104,100,17,1,104.0,Caught,0,Won,1,0,74,52
32,2009-07-13,2009,ODI,Bangladesh,Sydney Cricket Ground,3,1,1,0,1,100.0,Caught,0,Won,0,0,6,5
33,2009-07-16,2009,ODI,Australia,"Wankhede Stadium, Mumbai",3,64,58,11,0,110.34,Stumped,0,Won,0,1,44,27
34,2009-07-18,2009,ODI,England,"Premadasa, Colombo",3,22,21,4,0,104.76,LBW,0,Lost,0,0,16,11
35,2009-08-01,2009,ODI,South Africa,Adelaide Oval,3,34,35,5,0,97.14,Bowled,0,Won,0,0,20,16
36,2009-03-20,2009,ODI,Pakistan,Melbourne Cricket Ground,4,129,122,23,0,105.74,Not Out,1,Lost,1,0,92,62
37,2010-08-06,2010,ODI,Australia,"Wankhede Stadium, Mumbai",3,10,12,2,0,83.33,LBW,0,Lost,0,0,8,8
38,2010-07-09,2010,ODI,New Zealand,Sydney Cricket Ground,3,56,64,9,0,87.5,Not Out,1,Won,0,1,36,35
39,2010-01-24,2010,ODI,Pakistan,Melbourne Cricket Ground,3,52,59,7,1,88.14,Bowled,0,Lost,0,1,34,33
40,2010-11-02,2010,ODI,South Africa,Sydney Cricket Ground,2,52,51,8,1,101.96,Caught,0,Won,0,1,38,28
41,2010-04-05,2010,ODI,South Africa,Adelaide Oval,3,43,39,7,0,110.26,Caught,0,Won,0,0,28,17
42,2010-06-06,2010,ODI,South Africa,Melbourne Cricket Ground,3,49,51,7,0,96.08,Caught,0,Won,0,0,28,23
43,2010-05-04,2010,ODI,Sri Lanka,Melbourne Cricket Ground,3,89,83,13,0,107.23,Caught,0,Lost,0,1,52,33
44,2010-02-19,2010,ODI,Pakistan,"Premadasa, Colombo",3,82,87,14,0,94.25,Caught,0,Won,0,1,56,47
45,2010-11-20,2010,ODI,South Africa,Sydney Cricket Ground,1,2,2,0,0,100.0,Caught,0,Won,0,0,0,0
46,2010-02-17,2010,ODI,New Zealand,"Premadasa, Colombo",3,136,138,23,0,98.55,Caught,0,Won,1,0,92,71
47,2010-06-21,2010,ODI,Pakistan,Sydney Cricket Ground,3,8,7,1,0,114.29,Caught,0,Lost,0,0,4,2
48,2010-11-09,2010,ODI,West Indies,Melbourne Cricket Ground,3,96,101,16,1,95.05,Not Out,1,Won,0,1,70,58
49,2010-12-19,2010,ODI,Zimbabwe,"Chinnaswamy Stadium, Bengaluru",3,26,24,4,0,108.33,Caught,0,Won,0,0,16,10
50,2010-08-08,2010,ODI,South Africa,Sydney Cricket Ground,3,8,7,1,0,114.29,Caught,0,Lost,0,0,4,2
51,2010-06-06,2010,ODI,Pakistan,Adelaide Oval,3,91,99,14,1,91.92,Caught,0,Won,0,1,62,55
52,2010-12-09,2010,ODI,England,Melbourne Cricket Ground,2,38,41,7,0,92.68,Not Out,1,Won,0,0,28,24
53,2010-09-25,2010,ODI,Sri Lanka,"Eden Gardens, Kolkata",3,105,119,17,0,88.24,Bowled,0,Lost,1,0,68,65
54,2011-05-08,2011,ODI,Bangladesh,Adelaide Oval,3,154,161,21,0,95.65,Not Out,1,Lost,1,0,84,70
55,2011-09-17,2011,ODI,England,"Chinnaswamy Stadium, Bengaluru",3,22,21,3,0,104.76,Not Out,1,Won,0,0,12,8
56,2011-05-10,2011,ODI,Zimbabwe,"Chinnaswamy Stadium, Bengaluru",3,4,4,1,0,100.0,Caught,0,Won,0,0,4,3
57,2011-12-06,2011,ODI,South Africa,"Eden Gardens, Kolkata",3,79,87,14,0,90.8,Bowled,0,Won,0,1,56,50
58,2011-09-20,2011,ODI,Bangladesh,"Chinnaswamy Stadium, Bengaluru",3,122,136,20,0,89.71,Caught,0,Won,1,0,80,74
59,2011-05-01,2011,ODI,South Africa,"Premadasa, Colombo",3,183,203,28,1,90.15,Caught,0,Won,1,0,118,109
60,2011-05-23,2011,ODI,England,"Eden Gardens, Kolkata",3,100,123,14,0,81.3,Not Out,1,Won,1,0,56,65
61,2011-05-16,2011,ODI,Bangladesh,Adelaide Oval,3,4,5,1,0,80.0,Caught,0,Won,0,0,4,4
62,2011-08-04,2011,ODI,West Indies,Sydney Cricket Ground,4,101,89,15,0,113.48,Caught,0,Won,1,0,60,33
63,2011-03-05,2011,ODI,Sri Lanka,Sydney Cricket Ground,3,64,64,11,0,100.0,Caught,0,Won,0,1,44,33
64,2011-09-25,2011,ODI,England,Adelaide Oval,3,106,128,15,1,82.81,Caught,0,Won,1,0,66,72
65,2011-08-10,2011,ODI,South Africa,Sydney Cricket Ground,3,102,95,16,0,107.37,Caught,0,Won,1,0,64,41
66,2011-10-24,2011,ODI,Pakistan,"Wankhede Stadium, Mumbai",3,94,104,15,1,90.38,Caught,0,Won,0,1,66,60
67,2011-02-06,2011,ODI,South Africa,"Eden Gardens, Kolkata",3,98,96,15,0,102.08,Caught,0,Lost,0,1,60,43
68,2011-12-20,2011,ODI,Sri Lanka,Adelaide Oval,3,17,20,3,0,85.0,Not Out,1,Lost,0,0,12,12
69,2011-08-03,2011,ODI,South Africa,"Premadasa, Colombo",3,90,100,13,1,90.0,Not Out,1,Won,0,1,58,54
70,2011-11-26,2011,ODI,England,"Eden Gardens, Kolkata",3,14,13,2,0,107.69,Caught,0,Won,0,0,8,5
71,2011-05-27,2011,ODI,Zimbabwe,"Eden Gardens, Kolkata",2,77,88,10,1,87.5,Caught,0,Lost,0,1,46,46
72,2012-05-15,2012,ODI,England,"Wankhede Stadium, Mumbai",3,27,27,5,0,100.0,LBW,0,Won,0,0,20,15
73,2012-09-18,2012,ODI,England,Adelaide Oval,3,10,10,2,0,100.0,Bowled,0,Won,0,0,8,6
74,2012-10-09,2012,ODI,Australia,"Wankhede Stadium, Mumbai",1,67,60,11,1,111.67,LBW,0,Won,0,1,50,31
75,2012-03-16,2012,ODI,England,Melbourne Cricket Ground,3,8,8,1,0,100.0,Bowled,0,Lost,0,0,4,3
76,2012-11-27,2012,ODI,England,Adelaide Oval,3,22,25,3,1,88.0,Caught,0,Lost,0,0,18,17
77,2012-11-04,2012,ODI,Bangladesh,Sydney Cricket Ground,3,13,14,2,0,92.86,LBW,0,Lost,0,0,8,7
78,2012-07-27,2012,ODI,Pakistan,Sydney Cricket Ground,3,3,3,0,0,100.0,Bowled,0,Lost,0,0,0,0
79,2012-02-25,2012,ODI,Bangladesh,Adelaide Oval,3,8,10,1,0,80.0,LBW,0,Won,0,0,4,5
80,2012-07-02,2012,ODI,Australia,"Eden Gardens, Kolkata",3,72,70,11,1,102.86,Not Out,1,Lost,0,1,50,36
81,2012-04-09,2012,ODI,Bangladesh,Melbourne Cricket Ground,3,102,100,18,0,102.0,Not Out,1,Won,1,0,72,52
82,2012-01-21,2012,ODI,Bangladesh,Melbourne Cricket Ground,3,113,102,17,1,110.78,Caught,0,Lost,1,0,74,45
83,2012-07-03,2012,ODI,West Indies,"Eden Gardens, Kolkata",3,27,30,3,1,90.0,Caught,0,Won,0,0,18,17
84,2012-03-16,2012,ODI,Sri Lanka,"Premadasa, Colombo",3,52,54,7,0,96.3,Caught,0,Lost,0,1,28,23
85,2012-08-08,2012,ODI,England,Adelaide Oval,3,29,31,5,0,93.55,Bowled,0,Lost,0,0,20,17
86,2012-12-05,2012,ODI,Pakistan,Sydney Cricket Ground,4,41,47,7,0,87.23,Caught,0,Won,0,0,28,27
87,2012-01-10,2012,ODI,New Zealand,"Premadasa, Colombo",3,7,6,1,0,116.67,Caught,0,Lost,0,0,4,2
88,2012-08-12,2012,ODI,Bangladesh,"Chinnaswamy Stadium, Bengaluru",3,38,34,6,0,111.76,Caught,0,Won,0,0,24,14
89,2012-04-23,2012,ODI,Zimbabwe,"Eden Gardens, Kolkata",3,112,120,20,1,93.33,Caught,0,Won,1,0,86,73
90,2013-06-24,2013,ODI,South Africa,Adelaide Oval,3,56,51,8,1,109.8,LBW,0,Lost,0,1,38,24
91,2013-11-05,2013,ODI,Pakistan,Adelaide Oval,3,8,9,1,0,88.89,Caught,0,Lost,0,0,4,4
92,2013-02-28,2013,ODI,West Indies,Sydney Cricket Ground,3,49,50,8,0,98.0,Caught,0,Lost,0,0,32,25
93,2013-03-14,2013,ODI,Zimbabwe,Sydney Cricket Ground,3,6,5,0,2,120.0,Caught,0,Won,0,0,12,9
94,2013-05-11,2013,ODI,West Indies,Melbourne Cricket Ground,3,65,79,10,1,82.28,Caught,0,Lost,0,1,46,49
95,2013-09-13,2013,ODI,Sri Lanka,"Chinnaswamy Stadium, Bengaluru",3,67,61,12,0,109.84,Caught,0,Won,0,1,48,30
96,2013-02-08,2013,ODI,Bangladesh,"Premadasa, Colombo",3,56,51,8,0,109.8,Caught,0,Won,0,1,32,19
97,2013-07-04,2013,ODI,England,Sydney Cricket Ground,3,12,10,2,0,120.0,Caught,0,Lost,0,0,8,4
98,2013-01-02,2013,ODI,Sri Lanka,"Chinnaswamy Stadium, Bengaluru",3,106,111,18,0,95.5,Run Out,0,Won,1,0,72,59
99,2013-04-17,2013,ODI,England,Adelaide Oval,3,51,55,8,0,92.73,LBW,0,Won,0,1,32,28
100,2013-07-20,2013,ODI,West Indies,"Premadasa, Colombo",3,28,33,3,1,84.85,Run Out,0,Won,0,0,18,19
101,2013-08-09,2013,ODI,West Indies,"Premadasa, Colombo",4,113,128,18,1,88.28,Stumped,0,Won,1,0,78,74
102,2013-08-12,2013,ODI,England,Melbourne Cricket Ground,3,93,90,14,0,103.33,Run Out,0,Won,0,1,56,39
103,2013-05-07,2013,ODI,Pakistan,Adelaide Oval,3,66,63,11,0,104.76,Bowled,0,Won,0,1,44,30
104,2013-10-10,2013,ODI,Sri Lanka,"Premadasa, Colombo",3,51,58,8,0,87.93,Caught,0,Lost,0,1,32,31
105,2013-11-25,2013,ODI,Pakistan,"Premadasa, Colombo",3,47,52,8,0,90.38,Not Out,1,Won,0,0,32,29
106,2013-04-20,2013,ODI,Bangladesh,Sydney Cricket Ground,3,3,3,0,1,100.0,Caught,0,Won,0,0,6,5
107,2014-12-25,2014,ODI,South Africa,"Premadasa, Colombo",3,63,62,11,0,101.61,Caught,0,Won,0,1,44,32
108,2014-11-02,2014,ODI,West Indies,"Chinnaswamy Stadium, Bengaluru",3,6,6,1,0,100.0,Not Out,1,Won,0,0,4,3
109,2014-02-10,2014,ODI,Australia,"Chinnaswamy Stadium, Bengaluru",3,84,84,15,0,100.0,Run Out,0,Lost,0,1,60,45
110,2014-06-17,2014,ODI,West Indies,Melbourne Cricket Ground,3,50,57,8,1,87.72,Not Out,1,Won,0,1,38,36
111,2014-08-26,2014,ODI,West Indies,"Chinnaswamy Stadium, Bengaluru",3,2,2,0,0,100.0,Bowled,0,Won,0,0,0,0
112,2014-02-05,2014,ODI,New Zealand,Sydney Cricket Ground,3,49,45,5,3,108.89,Caught,0,Won,0,0,38,26
113,2014-06-03,2014,ODI,Pakistan,Sydney Cricket Ground,3,77,68,12,2,113.24,Caught,0,Won,0,1,60,37
114,2014-11-24,2014,ODI,England,"Premadasa, Colombo",3,49,50,6,2,98.0,Caught,0,Won,0,0,36,29
115,2014-02-22,2014,ODI,Pakistan,"Eden Gardens, Kolkata",3,12,11,1,1,109.09,LBW,0,Won,0,0,10,7
116,2014-11-03,2014,ODI,Zimbabwe,"Premadasa, Colombo",3,55,60,9,0,91.67,Caught,0,Won,0,1,36,32
117,2014-01-02,2014,ODI,England,"Chinnaswamy Stadium, Bengaluru",3,17,17,2,0,100.0,LBW,0,Lost,0,0,8,6
118,2014-03-13,2014,ODI,Sri Lanka,Adelaide Oval,3,31,37,5,1,83.78,Bowled,0,Lost,0,0,26,26
119,2014-03-14,2014,ODI,Zimbabwe,"Premadasa, Colombo",4,133,140,22,1,95.0,Caught,0,Won,1,0,94,78
120,2014-12-12,2014,ODI,Pakistan,"Eden Gardens, Kolkata",3,23,20,3,1,115.0,Caught,0,Lost,0,0,18,11
121,2014-11-12,2014,ODI,South Africa,Melbourne Cricket Ground,3,117,106,17,0,110.38,Caught,0,Won,1,0,68,40
122,2014-02-28,2014,ODI,New Zealand,Sydney Cricket Ground,3,5,6,1,0,83.33,Caught,0,Lost,0,0,4,4
123,2014-01-02,2014,ODI,South Africa,Sydney Cricket Ground,3,71,69,12,0,102.9,Not Out,1,Lost,0,1,48,34
124,2014-09-07,2014,ODI,West Indies,Melbourne Cricket Ground,3,108,100,16,0,108.0,Caught,0,Lost,1,0,64,40
125,2015-10-01,2015,ODI,South Africa,"Chinnaswamy Stadium, Bengaluru",3,7,8,1,0,87.5,Caught,0,Won,0,0,4,4
126,2015-03-04,2015,ODI,West Indies,"Premadasa, Colombo",3,4,3,1,0,133.33,Not Out,1,Won,0,0,4,2
127,2015-04-19,2015,ODI,West Indies,"Chinnaswamy Stadium, Bengaluru",3,40,50,7,0,80.0,Caught,0,Won,0,0,28,31
128,2015-02-24,2015,ODI,Australia,"Wankhede Stadium, Mumbai",3,97,115,15,0,84.35,Caught,0,Won,0,1,60,63
129,2015-09-08,2015,ODI,New Zealand,Melbourne Cricket Ground,3,107,109,15,0,98.17,Not Out,1,Won,1,0,60,47
130,2015-08-28,2015,ODI,Bangladesh,Adelaide Oval,3,98,96,13,1,102.08,Caught,0,Lost,0,1,58,42
131,2015-02-03,2015,ODI,Sri Lanka,"Chinnaswamy Stadium, Bengaluru",3,23,24,4,0,95.83,Caught,0,Lost,0,0,16,13
132,2015-10-18,2015,ODI,Sri Lanka,"Premadasa, Colombo",3,58,69,9,1,84.06,LBW,0,Won,0,1,42,43
133,2015-07-04,2015,ODI,Zimbabwe,Sydney Cricket Ground,3,37,41,6,0,90.24,Caught,0,Lost,0,0,24,22
134,2015-08-08,2015,ODI,Zimbabwe,Adelaide Oval,3,121,115,18,0,105.22,Caught,0,Won,1,0,72,48
135,2015-06-14,2015,ODI,Bangladesh,"Chinnaswamy Stadium, Bengaluru",3,73,78,13,0,93.59,Caught,0,Won,0,1,52,44
136,2015-08-03,2015,ODI,New Zealand,"Wankhede Stadium, Mumbai",3,2,2,0,0,100.0,Not Out,1,Won,0,0,0,0
137,2015-06-26,2015,ODI,Sri Lanka,"Eden Gardens, Kolkata",3,49,52,9,0,94.23,Caught,0,Won,0,0,36,30
138,2015-07-12,2015,ODI,Zimbabwe,Sydney Cricket Ground,3,5,5,1,0,100.0,LBW,0,Won,0,0,4,3
139,2015-05-20,2015,ODI,Pakistan,"Chinnaswamy Stadium, Bengaluru",3,12,11,2,0,109.09,Caught,0,Won,0,0,8,5
140,2015-04-28,2015,ODI,Zimbabwe,"Wankhede Stadium, Mumbai",3,84,96,14,0,87.5,Not Out,1,Won,0,1,56,54
141,2015-10-08,2015,ODI,Zimbabwe,Sydney Cricket Ground,3,19,20,3,0,95.0,Caught,0,Won,0,0,12,10
142,2016-10-22,2016,ODI,Zimbabwe,"Premadasa, Colombo",3,14,12,2,0,116.67,Not Out,1,Won,0,0,8,4
143,2016-05-11,2016,ODI,England,"Chinnaswamy Stadium, Bengaluru",2,3,4,0,0,75.0,Caught,0,Won,0,0,0,1
144,2016-01-03,2016,ODI,Pakistan,"Premadasa, Colombo",3,36,44,6,0,81.82,Caught,0,Lost,0,0,24,26
145,2016-06-10,2016,ODI,Pakistan,"Premadasa, Colombo",3,8,8,1,0,100.0,Not Out,1,Won,0,0,4,3
146,2016-10-02,2016,ODI,Sri Lanka,"Premadasa, Colombo",4,10,9,1,0,111.11,Not Out,1,Lost,0,0,4,2
147,2016-05-07,2016,ODI,Pakistan,Sydney Cricket Ground,3,114,118,18,0,96.61,Caught,0,Lost,1,0,72,58
148,2016-11-19,2016,ODI,New Zealand,Adelaide Oval,3,11,12,2,0,91.67,Caught,0,Won,0,0,8,7
149,2016-10-02,2016,ODI,England,"Wankhede Stadium, Mumbai",3,92,113,14,0,81.42,Caught,0,Won,0,1,56,63
150,2016-05-11,2016,ODI,South Africa,"Wankhede Stadium, Mumbai",4,17,16,3,0,106.25,Caught,0,Lost,0,0,12,8
151,2016-04-17,2016,ODI,West Indies,Melbourne Cricket Ground,3,112,133,18,0,84.21,Caught,0,Lost,1,0,72,75
152,2016-01-14,2016,ODI,New Zealand,"Wankhede Stadium, Mumbai",3,12,15,2,0,80.0,Caught,0,Won,0,0,8,9
153,2016-10-13,2016,ODI,Sri Lanka,"Premadasa, Colombo",3,123,112,20,0,109.82,Caught,0,Won,1,0,80,49
154,2016-06-06,2016,ODI,England,Sydney Cricket Ground,3,23,27,3,0,85.19,Not Out,1,Won,0,0,12,13
155,2016-02-14,2016,ODI,Bangladesh,Sydney Cricket Ground,4,107,98,20,0,109.18,Not Out,1,Won,1,0,80,51
156,2016-05-24,2016,ODI,Pakistan,"Chinnaswamy Stadium, Bengaluru",3,139,141,22,0,98.58,Caught,0,Won,1,0,88,68
157,2016-09-17,2016,ODI,West Indies,"Eden Gardens, Kolkata",3,33,40,6,0,82.5,LBW,0,Won,0,0,24,25
158,2016-11-27,2016,ODI,New Zealand,"Eden Gardens, Kolkata",3,4,4,1,0,100.0,Bowled,0,Won,0,0,4,3
159,2016-03-25,2016,ODI,West Indies,Sydney Cricket Ground,3,115,129,17,0,89.15,Caught,0,Won,1,0,68,65
160,2017-08-25,2017,ODI,West Indies,Melbourne Cricket Ground,3,97,86,15,1,112.79,Caught,0,Won,0,1,66,39
161,2017-11-21,2017,ODI,Bangladesh,Melbourne Cricket Ground,3,94,91,17,0,103.3,Not Out,1,Won,0,1,68,48
162,2017-08-21,2017,ODI,New Zealand,"Chinnaswamy Stadium, Bengaluru",3,29,34,4,0,85.29,Not Out,1,Won,0,0,16,17
163,2017-08-15,2017,ODI,Australia,"Wankhede Stadium, Mumbai",3,13,14,1,1,92.86,Caught,0,Won,0,0,10,9
164,2017-02-20,2017,ODI,Sri Lanka,Melbourne Cricket Ground,3,100,98,19,0,102.04,Caught,0,Won,1,0,76,55
165,2017-12-02,2017,ODI,Bangladesh,Adelaide Oval,3,6,6,1,0,100.0,Caught,0,Won,0,0,4,3
166,2017-03-02,2017,ODI,South Africa,Adelaide Oval,3,78,85,12,1,91.76,Caught,0,Won,0,1,54,48
167,2017-04-23,2017,ODI,Sri Lanka,Adelaide Oval,3,5,5,0,1,100.0,Caught,0,Lost,0,0,6,5
168,2017-06-10,2017,ODI,Zimbabwe,Adelaide Oval,3,9,9,1,0,100.0,LBW,0,Won,0,0,4,3
169,2017-11-21,2017,ODI,New Zealand,"Chinnaswamy Stadium, Bengaluru",1,18,17,3,0,105.88,Bowled,0,Lost,0,0,12,8
170,2017-12-28,2017,ODI,Zimbabwe,"Premadasa, Colombo",3,49,47,7,0,104.26,Caught,0,Won,0,0,28,19
171,2017-03-12,2017,ODI,West Indies,"Chinnaswamy Stadium, Bengaluru",3,120,131,19,1,91.6,Not Out,1,Won,1,0,82,73
172,2017-02-10,2017,ODI,Pakistan,Melbourne Cricket Ground,3,71,84,12,0,84.52,Caught,0,Won,0,1,48,49
173,2017-12-22,2017,ODI,New Zealand,Melbourne Cricket Ground,4,14,13,2,0,107.69,Caught,0,Won,0,0,8,5
174,2017-03-07,2017,ODI,Zimbabwe,"Chinnaswamy Stadium, Bengaluru",3,90,97,14,0,92.78,Caught,0,Won,0,1,56,49
175,2017-03-03,2017,ODI,Bangladesh,"Chinnaswamy Stadium, Bengaluru",3,49,57,9,0,85.96,Caught,0,Won,0,0,36,35
176,2017-12-17,2017,ODI,Sri Lanka,"Wankhede Stadium, Mumbai",3,3,3,0,0,100.0,Not Out,1,Won,0,0,0,0
177,2017-03-27,2017,ODI,West Indies,"Premadasa, Colombo",3,13,13,1,1,100.0,LBW,0,Won,0,0,10,8
178,2018-06-22,2018,ODI,West Indies,"Premadasa, Colombo",3,95,90,12,1,105.56,Caught,0,Won,0,1,54,36
179,2018-08-08,2018,ODI,Bangladesh,Melbourne Cricket Ground,3,24,24,4,0,100.0,Not Out,1,Won,0,0,16,12
180,2018-11-19,2018,ODI,Bangladesh,Adelaide Oval,3,111,99,14,3,112.12,Bowled,0,Lost,1,0,74,45
181,2018-07-06,2018,ODI,England,Sydney Cricket Ground,3,35,33,6,0,106.06,Caught,0,Lost,0,0,24,16
182,2018-08-28,2018,ODI,West Indies,"Chinnaswamy Stadium, Bengaluru",3,166,150,23,0,110.67,LBW,0,Won,1,0,92,53
183,2018-02-10,2018,ODI,Sri Lanka,"Wankhede Stadium, Mumbai",3,3,3,0,0,100.0,Caught,0,Won,0,0,0,0
184,2018-07-03,2018,ODI,England,"Eden Gardens, Kolkata",3,5,5,1,0,100.0,LBW,0,Lost,0,0,4,3
185,2018-07-17,2018,ODI,New Zealand,"Chinnaswamy Stadium, Bengaluru",3,26,23,4,0,113.04,Caught,0,Lost,0,0,16,9
186,2018-02-27,2018,ODI,Sri Lanka,"Premadasa, Colombo",3,107,115,15,0,93.04,LBW,0,Won,1,0,60,53
187,2018-08-23,2018,ODI,West Indies,Sydney Cricket Ground,4,8,9,1,0,88.89,Caught,0,Won,0,0,4,4
188,2018-01-09,2018,ODI,Bangladesh,"Eden Gardens, Kolkata",3,21,21,4,0,100.0,Caught,0,Won,0,0,16,12
189,2018-07-04,2018,ODI,Zimbabwe,Sydney Cricket Ground,3,85,75,13,1,113.33,Caught,0,Lost,0,1,58,34
190,2018-11-26,2018,ODI,England,Melbourne Cricket Ground,3,62,74,9,0,83.78,Not Out,1,Won,0,1,36,39
191,2018-09-01,2018,ODI,Sri Lanka,"Premadasa, Colombo",3,25,23,3,1,108.7,Caught,0,Won,0,0,18,12
192,2018-01-20,2018,ODI,South Africa,"Chinnaswamy Stadium, Bengaluru",3,2,2,0,0,100.0,Caught,0,Won,0,0,0,0
193,2018-09-12,2018,ODI,Pakistan,"Wankhede Stadium, Mumbai",3,4,5,1,0,80.0,Bowled,0,Won,0,0,4,4
194,2018-09-01,2018,ODI,Zimbabwe,Adelaide Oval,3,3,3,0,0,100.0,Caught,0,Lost,0,0,0,0
195,2019-05-24,2019,ODI,Australia,"Wankhede Stadium, Mumbai",3,26,25,5,0,104.0,Caught,0,Lost,0,0,20,14
196,2019-11-04,2019,ODI,Sri Lanka,Sydney Cricket Ground,3,2,2,0,0,100.0,Caught,0,Lost,0,0,0,0
197,2019-06-27,2019,ODI,New Zealand,"Premadasa, Colombo",3,3,4,0,0,75.0,LBW,0,Won,0,0,0,1
198,2019-03-26,2019,ODI,Bangladesh,"Eden Gardens, Kolkata",4,110,96,18,0,114.58,Bowled,0,Won,1,0,72,40
199,2019-04-02,2019,ODI,Australia,"Chinnaswamy Stadium, Bengaluru",3,31,34,4,0,91.18,Bowled,0,Lost,0,0,16,15
200,2019-08-09,2019,ODI,Zimbabwe,"Wankhede Stadium, Mumbai",3,11,12,2,0,91.67,Bowled,0,Won,0,0,8,7
201,2019-01-28,2019,ODI,South Africa,"Premadasa, Colombo",3,118,131,21,0,90.08,Caught,0,Won,1,0,84,76
202,2019-07-24,2019,ODI,Sri Lanka,Adelaide Oval,3,8,7,0,1,114.29,Caught,0,Won,0,0,6,4
203,2019-12-16,2019,ODI,Pakistan,"Chinnaswamy Stadium, Bengaluru",3,87,95,12,1,91.58,Not Out,1,Won,0,1,54,49
204,2019-07-03,2019,ODI,Zimbabwe,Adelaide Oval,3,6,7,1,0,85.71,Caught,0,Won,0,0,4,4
205,2019-02-11,2019,ODI,West Indies,"Premadasa, Colombo",3,24,24,4,0,100.0,LBW,0,Won,0,0,16,12
206,2019-12-15,2019,ODI,Bangladesh,"Chinnaswamy Stadium, Bengaluru",3,17,17,3,0,100.0,LBW,0,Lost,0,0,12,9
207,2019-11-26,2019,ODI,New Zealand,"Wankhede Stadium, Mumbai",4,55,54,9,0,101.85,Caught,0,Won,0,1,36,26
208,2019-03-01,2019,ODI,New Zealand,"Eden Gardens, Kolkata",3,74,76,13,0,97.37,Bowled,0,Lost,0,1,52,41
209,2019-11-12,2019,ODI,Bangladesh,"Chinnaswamy Stadium, Bengaluru",3,5,6,0,1,83.33,Caught,0,Lost,0,0,6,6
210,2019-06-12,2019,ODI,Australia,Adelaide Oval,3,17,17,3,0,100.0,Caught,0,Lost,0,0,12,9
211,2019-11-09,2019,ODI,West Indies,"Eden Gardens, Kolkata",3,57,58,8,1,98.28,Caught,0,Won,0,1,38,30
212,2019-07-18,2019,ODI,Australia,"Wankhede Stadium, Mumbai",3,47,44,8,0,106.82,Caught,0,Lost,0,0,32,21
213,2020-10-10,2020,ODI,England,"Premadasa, Colombo",3,34,32,5,0,106.25,Caught,0,Won,0,0,20,13
214,2020-02-15,2020,ODI,Bangladesh,"Eden Gardens, Kolkata",3,5,6,1,0,83.33,LBW,0,Won,0,0,4,4
215,2020-06-22,2020,ODI,Bangladesh,"Chinnaswamy Stadium, Bengaluru",3,21,18,4,0,116.67,Bowled,0,Won,0,0,16,9
216,2020-03-23,2020,ODI,Zimbabwe,"Premadasa, Colombo",3,116,117,21,0,99.15,Caught,0,Won,1,0,84,64
217,2020-02-07,2020,ODI,West Indies,Sydney Cricket Ground,4,21,19,3,0,110.53,Not Out,1,Won,0,0,12,7
218,2020-08-26,2020,ODI,Australia,Melbourne Cricket Ground,1,128,138,21,0,92.75,LBW,0,Won,1,0,84,73
219,2020-12-16,2020,ODI,Sri Lanka,Melbourne Cricket Ground,3,6,7,1,0,85.71,Caught,0,Won,0,0,4,4
220,2020-06-21,2020,ODI,Pakistan,"Wankhede Stadium, Mumbai",3,117,108,17,0,108.33,Caught,0,Lost,1,0,68,42
221,2020-09-21,2020,ODI,Zimbabwe,Melbourne Cricket Ground,3,5,5,1,0,100.0,Caught,0,Won,0,0,4,3
222,2020-01-27,2020,ODI,West Indies,"Wankhede Stadium, Mumbai",3,17,18,2,1,94.44,Caught,0,Won,0,0,14,12
223,2020-12-08,2020,ODI,England,"Chinnaswamy Stadium, Bengaluru",3,28,33,4,0,84.85,Caught,0,Lost,0,0,16,17
224,2020-05-07,2020,ODI,Zimbabwe,"Premadasa, Colombo",3,64,57,12,0,112.28,Caught,0,Won,0,1,48,29
225,2020-09-03,2020,ODI,England,Melbourne Cricket Ground,3,59,70,9,0,84.29,Not Out,1,Won,0,1,36,38
226,2020-10-11,2020,ODI,West Indies,Sydney Cricket Ground,3,88,102,15,0,86.27,Bowled,0,Won,0,1,60,59
227,2020-01-21,2020,ODI,Australia,Sydney Cricket Ground,3,10,9,1,0,111.11,Caught,0,Won,0,0,4,2
228,2020-11-01,2020,ODI,South Africa,Adelaide Oval,3,74,69,12,0,107.25,Caught,0,Won,0,1,48,31
229,2020-08-08,2020,ODI,Zimbabwe,Sydney Cricket Ground,3,14,16,3,0,87.5,Run Out,0,Won,0,0,12,11
230,2020-01-06,2020,ODI,Pakistan,Adelaide Oval,3,49,54,7,0,90.74,Caught,0,Won,0,0,28,26
231,2021-06-28,2021,ODI,Bangladesh,"Premadasa, Colombo",3,12,14,2,0,85.71,Caught,0,Lost,0,0,8,8
232,2021-06-17,2021,ODI,New Zealand,Melbourne Cricket Ground,2,5,4,1,0,125.0,Caught,0,Won,0,0,4,2
233,2021-03-04,2021,ODI,Bangladesh,"Wankhede Stadium, Mumbai",3,4,5,1,0,80.0,Bowled,0,Won,0,0,4,4
234,2021-03-27,2021,ODI,Pakistan,"Chinnaswamy Stadium, Bengaluru",3,3,3,0,0,100.0,Bowled,0,Won,0,0,0,0
235,2021-09-15,2021,ODI,New Zealand,Adelaide Oval,3,55,63,8,0,87.3,Not Out,1,Won,0,1,32,32
236,2021-09-15,2021,ODI,Bangladesh,"Eden Gardens, Kolkata",3,140,173,26,0,80.92,Caught,0,Lost,1,0,104,111
237,2021-10-27,2021,ODI,New Zealand,"Premadasa, Colombo",3,51,62,6,2,82.26,Bowled,0,Won,0,1,36,39
238,2021-07-05,2021,ODI,England,"Chinnaswamy Stadium, Bengaluru",3,16,16,3,0,100.0,LBW,0,Won,0,0,12,9
239,2021-10-18,2021,ODI,Pakistan,"Eden Gardens, Kolkata",3,13,14,2,0,92.86,Caught,0,Won,0,0,8,7
240,2021-09-09,2021,ODI,England,Sydney Cricket Ground,3,3,4,0,0,75.0,Caught,0,Won,0,0,0,1
241,2021-06-26,2021,ODI,Sri Lanka,"Chinnaswamy Stadium, Bengaluru",3,44,52,5,2,84.62,Caught,0,Won,0,0,32,33
242,2021-09-13,2021,ODI,New Zealand,Melbourne Cricket Ground,1,39,37,6,0,105.41,Caught,0,Won,0,0,24,16
243,2021-09-15,2021,ODI,West Indies,"Eden Gardens, Kolkata",3,72,69,13,0,104.35,Caught,0,Won,0,1,52,36
244,2021-06-06,2021,ODI,Zimbabwe,Adelaide Oval,3,5,6,1,0,83.33,Run Out,0,Lost,0,0,4,4
245,2021-09-18,2021,ODI,England,Adelaide Oval,3,20,20,3,0,100.0,LBW,0,Won,0,0,12,9
246,2021-06-22,2021,ODI,England,"Wankhede Stadium, Mumbai",3,10,10,1,0,100.0,Bowled,0,Won,0,0,4,3
247,2021-12-21,2021,ODI,England,"Wankhede Stadium, Mumbai",3,76,70,13,0,108.57,Caught,0,Won,0,1,52,33
248,2022-10-19,2022,ODI,England,"Eden Gardens, Kolkata",3,7,6,1,0,116.67,Caught,0,Won,0,0,4,2
249,2022-10-25,2022,ODI,Bangladesh,Sydney Cricket Ground,3,7,8,1,0,87.5,Run Out,0,Won,0,0,4,4
250,2022-02-07,2022,ODI,South Africa,"Wankhede Stadium, Mumbai",3,9,11,2,0,81.82,Caught,0,Won,0,0,8,8
251,2022-07-17,2022,ODI,Pakistan,Sydney Cricket Ground,3,14,16,1,1,87.5,Not Out,1,Won,0,0,10,10
252,2022-01-23,2022,ODI,Bangladesh,"Eden Gardens, Kolkata",3,4,4,1,0,100.0,Caught,0,Lost,0,0,4,3
253,2022-09-13,2022,ODI,Zimbabwe,"Chinnaswamy Stadium, Bengaluru",3,67,73,10,1,91.78,Caught,0,Won,0,1,46,41
254,2022-06-22,2022,ODI,Bangladesh,Sydney Cricket Ground,3,7,6,1,0,116.67,LBW,0,Won,0,0,4,2
255,2022-04-09,2022,ODI,England,Melbourne Cricket Ground,3,55,54,8,0,101.85,Bowled,0,Won,0,1,32,23
256,2022-12-23,2022,ODI,England,Adelaide Oval,3,3,3,0,1,100.0,Caught,0,Won,0,0,6,5
257,2022-12-09,2022,ODI,New Zealand,"Chinnaswamy Stadium, Bengaluru",4,11,11,2,0,100.0,Caught,0,Lost,0,0,8,6
258,2022-03-10,2022,ODI,Pakistan,"Wankhede Stadium, Mumbai",3,115,106,21,0,108.49,Caught,0,Won,1,0,84,54
259,2022-05-24,2022,ODI,Sri Lanka,Adelaide Oval,3,62,67,10,0,92.54,Not Out,1,Won,0,1,40,35
260,2022-05-05,2022,ODI,Zimbabwe,"Wankhede Stadium, Mumbai",3,131,146,22,0,89.73,Not Out,1,Lost,1,0,88,81
261,2022-09-08,2022,ODI,South Africa,"Premadasa, Colombo",3,7,8,1,0,87.5,Caught,0,Won,0,0,4,4
262,2022-02-22,2022,ODI,Sri Lanka,Sydney Cricket Ground,2,68,72,12,0,94.44,LBW,0,Lost,0,1,48,40
263,2022-08-16,2022,ODI,Pakistan,"Premadasa, Colombo",3,8,8,1,0,100.0,Caught,0,Won,0,0,4,3
264,2022-02-21,2022,ODI,England,Melbourne Cricket Ground,3,5,5,1,0,100.0,Caught,0,Won,0,0,4,3
265,2022-03-02,2022,ODI,Australia,Sydney Cricket Ground,3,17,15,2,0,113.33,Caught,0,Lost,0,0,8,4
266,2023-05-02,2023,ODI,Bangladesh,"Wankhede Stadium, Mumbai",3,5,6,1,0,83.33,Caught,0,Lost,0,0,4,4
267,2023-08-21,2023,ODI,Sri Lanka,Melbourne Cricket Ground,3,17,15,3,0,113.33,Bowled,0,Won,0,0,12,7
268,2023-04-26,2023,ODI,West Indies,"Wankhede Stadium, Mumbai",3,60,55,10,0,109.09,LBW,0,Lost,0,1,40,25
269,2023-01-24,2023,ODI,Bangladesh,"Chinnaswamy Stadium, Bengaluru",3,157,153,26,1,102.61,Caught,0,Won,1,0,110,79
270,2023-07-27,2023,ODI,South Africa,Adelaide Oval,3,5,6,1,0,83.33,LBW,0,Won,0,0,4,4
271,2023-03-16,2023,ODI,Sri Lanka,"Chinnaswamy Stadium, Bengaluru",3,84,89,11,1,94.38,Not Out,1,Won,0,1,50,43
272,2023-05-11,2023,ODI,Australia,"Chinnaswamy Stadium, Bengaluru",3,8,9,1,0,88.89,LBW,0,Lost,0,0,4,4
273,2023-04-02,2023,ODI,Australia,"Premadasa, Colombo",3,28,31,4,0,90.32,Bowled,0,Lost,0,0,16,15
274,2023-12-25,2023,ODI,West Indies,"Chinnaswamy Stadium, Bengaluru",3,87,92,13,1,94.57,Caught,0,Won,0,1,58,49
275,2023-03-16,2023,ODI,England,"Eden Gardens, Kolkata",3,7,8,0,2,87.5,Bowled,0,Lost,0,0,12,11
276,2023-08-25,2023,ODI,New Zealand,Melbourne Cricket Ground,3,7,7,1,0,100.0,Not Out,1,Won,0,0,4,3
277,2023-10-28,2023,ODI,South Africa,Sydney Cricket Ground,4,17,16,2,1,106.25,Bowled,0,Won,0,0,14,10
278,2023-10-04,2023,ODI,Zimbabwe,"Wankhede Stadium, Mumbai",3,2,2,0,1,100.0,Run Out,0,Won,0,0,6,5
279,2023-03-11,2023,ODI,Zimbabwe,Sydney Cricket Ground,3,57,65,7,2,87.69,Not Out,1,Lost,0,1,40,39
280,2023-08-03,2023,ODI,Sri Lanka,Melbourne Cricket Ground,3,54,52,9,0,103.85,Caught,0,Won,0,1,36,25
281,2023-08-19,2023,ODI,Australia,"Wankhede Stadium, Mumbai",3,123,128,20,0,96.09,Caught,0,Lost,1,0,80,65
282,2023-01-24,2023,ODI,England,"Eden Gardens, Kolkata",3,6,6,1,0,100.0,Bowled,0,Won,0,0,4,3
283,2024-09-02,2024,ODI,Australia,"Wankhede Stadium, Mumbai",3,86,91,15,0,94.51,Caught,0,Lost,0,1,60,50
284,2011-10-16,2011,Test,Australia,"Eden Gardens, Kolkata",4,61,103,10,0,59.22,Caught,0,Lost,0,1,40,72
285,2011-07-01,2011,Test,Sri Lanka,Adelaide Oval,4,10,22,2,0,45.45,Bowled,0,Drawn,0,0,8,18
286,2011-05-01,2011,Test,New Zealand,"Wankhede Stadium, Mumbai",4,107,174,16,0,61.49,Not Out,1,Drawn,1,0,64,115
287,2011-03-04,2011,Test,Bangladesh,Adelaide Oval,4,18,29,3,0,62.07,Caught,0,Lost,0,0,12,20
288,2011-09-09,2011,Test,New Zealand,"SuperSport Park, Centurion",4,91,188,12,0,48.4,Caught,0,Lost,0,1,48,133
289,2011-06-13,2011,Test,South Africa,"The Oval, London",4,11,22,2,0,50.0,Caught,0,Won,0,0,8,17
290,2011-05-22,2011,Test,New Zealand,"SuperSport Park, Centurion",4,19,38,3,0,50.0,Caught,0,Won,0,0,12,28
291,2011-11-25,2011,Test,Bangladesh,Adelaide Oval,4,48,102,8,0,47.06,Run Out,0,Lost,0,0,32,78
292,2011-08-02,2011,Test,Australia,"Eden Gardens, Kolkata",4,27,50,4,0,54.0,Caught,0,Lost,0,0,16,35
293,2011-07-21,2011,Test,Australia,"SuperSport Park, Centurion",4,2,3,0,0,66.67,Caught,0,Won,0,0,0,1
294,2011-02-17,2011,Test,South Africa,Adelaide Oval,4,22,38,4,0,57.89,Caught,0,Lost,0,0,16,28
295,2011-10-16,2011,Test,England,"Lord's, London",4,74,148,12,0,50.0,Caught,0,Lost,0,1,48,110
296,2011-05-18,2011,Test,Australia,"Wankhede Stadium, Mumbai",4,6,9,1,0,66.67,Caught,0,Won,0,0,4,6
297,2011-06-01,2011,Test,West Indies,Melbourne Cricket Ground,4,5,11,1,0,45.45,Bowled,0,Lost,0,0,4,9
298,2011-07-03,2011,Test,New Zealand,"Lord's, London",4,35,72,6,0,48.61,Bowled,0,Lost,0,0,24,55
299,2012-07-22,2012,Test,England,"Wankhede Stadium, Mumbai",4,7,12,1,0,58.33,Run Out,0,Won,0,0,4,8
300,2012-12-24,2012,Test,South Africa,Adelaide Oval,4,1,2,0,0,50.0,Caught,0,Lost,0,0,0,1
301,2012-02-14,2012,Test,New Zealand,Melbourne Cricket Ground,4,76,122,11,0,62.3,Not Out,1,Won,0,1,44,79
302,2012-10-20,2012,Test,Bangladesh,"The Oval, London",4,6,13,1,0,46.15,Caught,0,Lost,0,0,4,10
303,2012-08-16,2012,Test,Bangladesh,Melbourne Cricket Ground,4,26,50,4,0,52.0,LBW,0,Won,0,0,16,36
304,2012-03-22,2012,Test,South Africa,"Wankhede Stadium, Mumbai",4,4,7,1,0,57.14,Caught,0,Won,0,0,4,6
305,2012-05-26,2012,Test,West Indies,Melbourne Cricket Ground,4,48,89,8,0,53.93,Caught,0,Lost,0,0,32,65
306,2012-07-23,2012,Test,West Indies,"SuperSport Park, Centurion",4,61,131,8,1,46.56,Caught,0,Drawn,0,1,38,99
307,2012-06-04,2012,Test,West Indies,Adelaide Oval,4,34,70,5,0,48.57,LBW,0,Lost,0,0,20,51
308,2012-05-04,2012,Test,Australia,Melbourne Cricket Ground,4,3,4,0,0,75.0,Caught,0,Won,0,0,0,1
309,2012-09-17,2012,Test,Australia,"The Oval, London",4,8,16,1,0,50.0,LBW,0,Drawn,0,0,4,11
310,2012-02-20,2012,Test,Australia,"Wankhede Stadium, Mumbai",4,10,22,1,0,45.45,Caught,0,Won,0,0,4,15
311,2012-05-14,2012,Test,Bangladesh,"The Oval, London",4,35,67,5,0,52.24,Bowled,0,Won,0,0,20,47
312,2012-04-19,2012,Test,Bangladesh,"Wankhede Stadium, Mumbai",4,2,4,0,0,50.0,Caught,0,Won,0,0,0,2
313,2012-05-10,2012,Test,England,"Lord's, London",4,18,30,2,0,60.0,Caught,0,Lost,0,0,8,18
314,2013-05-14,2013,Test,Sri Lanka,"Lord's, London",4,13,27,2,0,48.15,Bowled,0,Won,0,0,8,20
315,2013-04-24,2013,Test,Sri Lanka,"Eden Gardens, Kolkata",4,149,237,21,0,62.87,Caught,0,Won,1,0,84,151
316,2013-02-05,2013,Test,Sri Lanka,"Lord's, London",4,14,24,2,0,58.33,Caught,0,Won,0,0,8,16
317,2013-10-13,2013,Test,Australia,"SuperSport Park, Centurion",4,33,49,5,0,67.35,Caught,0,Drawn,0,0,20,31
318,2013-11-20,2013,Test,Bangladesh,Melbourne Cricket Ground,4,10,19,1,0,52.63,Bowled,0,Won,0,0,4,12
319,2013-04-16,2013,Test,South Africa,"Lord's, London",4,78,149,13,0,52.35,Not Out,1,Won,0,1,52,110
320,2013-05-24,2013,Test,England,"Eden Gardens, Kolkata",4,0,7,0,0,0.0,Caught,0,Lost,0,0,0,7
321,2013-04-11,2013,Test,West Indies,"The Oval, London",4,3,5,0,0,60.0,Caught,0,Lost,0,0,0,2
322,2013-02-19,2013,Test,South Africa,Melbourne Cricket Ground,4,20,31,3,0,64.52,Not Out,1,Lost,0,0,12,20
323,2013-09-01,2013,Test,New Zealand,"Eden Gardens, Kolkata",4,4,6,1,0,66.67,Caught,0,Won,0,0,4,5
324,2013-05-27,2013,Test,Sri Lanka,"Eden Gardens, Kolkata",4,3,4,0,0,75.0,Caught,0,Won,0,0,0,1
325,2013-03-21,2013,Test,Australia,"Lord's, London",4,0,7,0,0,0.0,Caught,0,Won,0,0,0,7
326,2013-07-26,2013,Test,England,"The Oval, London",4,103,203,14,0,50.74,Caught,0,Lost,1,0,56,142
327,2013-10-13,2013,Test,Australia,"Wankhede Stadium, Mumbai",4,8,14,1,0,57.14,LBW,0,Won,0,0,4,9
328,2014-07-18,2014,Test,New Zealand,Adelaide Oval,4,18,27,3,0,66.67,Caught,0,Won,0,0,12,18
329,2014-09-20,2014,Test,Bangladesh,"Eden Gardens, Kolkata",4,29,43,5,0,67.44,Caught,0,Lost,0,0,20,29
330,2014-11-12,2014,Test,Australia,Melbourne Cricket Ground,4,167,351,22,1,47.58,Caught,0,Lost,1,0,94,255
331,2014-11-22,2014,Test,West Indies,"Eden Gardens, Kolkata",4,153,259,23,0,59.07,Bowled,0,Lost,1,0,92,175
332,2014-07-04,2014,Test,Sri Lanka,Adelaide Oval,4,1,1,0,0,100.0,LBW,0,Won,0,0,0,0
333,2014-12-17,2014,Test,Australia,"Wankhede Stadium, Mumbai",4,0,5,0,0,0.0,LBW,0,Drawn,0,0,0,5
334,2014-06-13,2014,Test,New Zealand,"The Oval, London",4,55,90,7,0,61.11,Caught,0,Lost,0,1,28,56
335,2014-03-12,2014,Test,Bangladesh,Adelaide Oval,4,91,150,15,0,60.67,Caught,0,Won,0,1,60,104
336,2014-02-04,2014,Test,Sri Lanka,"SuperSport Park, Centurion",4,3,6,0,0,50.0,Caught,0,Lost,0,0,0,3
337,2014-08-26,2014,Test,West Indies,Melbourne Cricket Ground,4,29,60,4,0,48.33,Run Out,0,Won,0,0,16,43
338,2014-08-24,2014,Test,New Zealand,"Eden Gardens, Kolkata",4,44,78,7,0,56.41,Bowled,0,Lost,0,0,28,55
339,2014-12-04,2014,Test,Sri Lanka,Adelaide Oval,4,34,65,5,0,52.31,Not Out,1,Lost,0,0,20,46
340,2014-03-24,2014,Test,Bangladesh,Melbourne Cricket Ground,4,2,4,0,0,50.0,Stumped,0,Lost,0,0,0,2
341,2014-09-14,2014,Test,New Zealand,"The Oval, London",4,103,210,14,0,49.05,Bowled,0,Won,1,0,56,149
342,2014-03-21,2014,Test,England,"Eden Gardens, Kolkata",4,19,30,3,0,63.33,Caught,0,Won,0,0,12,20
343,2015-04-15,2015,Test,Sri Lanka,"Wankhede Stadium, Mumbai",4,103,190,17,0,54.21,Not Out,1,Lost,1,0,68,138
344,2015-04-09,2015,Test,Sri Lanka,"SuperSport Park, Centurion",4,32,59,5,0,54.24,Caught,0,Won,0,0,20,42
345,2015-09-06,2015,Test,West Indies,"Lord's, London",4,0,2,0,0,0.0,Caught,0,Lost,0,0,0,2
346,2015-11-28,2015,Test,South Africa,"The Oval, London",4,80,162,10,0,49.38,Caught,0,Won,0,1,40,112
347,2015-07-20,2015,Test,New Zealand,"The Oval, London",4,12,18,2,0,66.67,Bowled,0,Won,0,0,8,12
348,2015-08-20,2015,Test,New Zealand,Melbourne Cricket Ground,4,17,36,2,0,47.22,LBW,0,Lost,0,0,8,25
349,2015-10-19,2015,Test,Bangladesh,Adelaide Oval,4,73,121,12,0,60.33,Caught,0,Lost,0,1,48,84
350,2015-04-10,2015,Test,West Indies,Adelaide Oval,4,0,3,0,0,0.0,Caught,0,Lost,0,0,0,3
351,2015-07-14,2015,Test,England,"Wankhede Stadium, Mumbai",4,58,108,8,0,53.7,Bowled,0,Lost,0,1,32,74
352,2015-08-21,2015,Test,England,"Wankhede Stadium, Mumbai",4,6,10,1,0,60.0,Caught,0,Lost,0,0,4,7
353,2015-03-18,2015,Test,West Indies,Melbourne Cricket Ground,4,47,71,8,0,66.2,Caught,0,Won,0,0,32,48
354,2015-08-20,2015,Test,Sri Lanka,Adelaide Oval,4,47,91,6,0,51.65,Caught,0,Won,0,0,24,62
355,2015-03-07,2015,Test,Bangladesh,"SuperSport Park, Centurion",4,4,8,1,0,50.0,Caught,0,Lost,0,0,4,7
356,2015-08-14,2015,Test,Sri Lanka,"Eden Gardens, Kolkata",4,3,4,0,0,75.0,Caught,0,Lost,0,0,0,1
357,2015-08-06,2015,Test,Sri Lanka,Adelaide Oval,4,22,40,4,0,55.0,Bowled,0,Won,0,0,16,30
358,2016-05-02,2016,Test,New Zealand,"Lord's, London",4,103,225,17,0,45.78,Caught,0,Lost,1,0,68,173
359,2016-08-19,2016,Test,England,"Eden Gardens, Kolkata",4,24,42,3,0,57.14,Caught,0,Won,0,0,12,27
360,2016-02-19,2016,Test,Bangladesh,Adelaide Oval,4,1,2,0,0,50.0,Caught,0,Won,0,0,0,1
361,2016-06-18,2016,Test,South Africa,"SuperSport Park, Centurion",4,8,13,1,0,61.54,Caught,0,Lost,0,0,4,8
362,2016-09-07,2016,Test,Bangladesh,"The Oval, London",4,33,72,5,0,45.83,Caught,0,Lost,0,0,20,54
363,2016-04-10,2016,Test,Australia,"SuperSport Park, Centurion",4,186,300,29,0,62.0,Caught,0,Lost,1,0,116,201
364,2016-02-15,2016,Test,Australia,"SuperSport Park, Centurion",4,34,61,5,0,55.74,LBW,0,Lost,0,0,20,42
365,2016-12-19,2016,Test,Australia,"Eden Gardens, Kolkata",4,9,14,1,0,64.29,LBW,0,Won,0,0,4,8
366,2016-07-06,2016,Test,South Africa,"Wankhede Stadium, Mumbai",4,48,74,7,0,64.86,Caught,0,Won,0,0,28,47
367,2016-01-19,2016,Test,England,"Lord's, London",4,147,233,24,0,63.09,LBW,0,Won,1,0,96,158
368,2016-06-23,2016,Test,New Zealand,"Lord's, London",4,15,29,2,0,51.72,Caught,0,Won,0,0,8,20
369,2016-09-22,2016,Test,South Africa,"SuperSport Park, Centurion",4,5,9,1,0,55.56,LBW,0,Won,0,0,4,7
370,2016-07-02,2016,Test,Australia,"Lord's, London",4,12,25,2,0,48.0,Caught,0,Won,0,0,8,19
371,2016-03-08,2016,Test,Bangladesh,Melbourne Cricket Ground,4,5,8,1,0,62.5,Caught,0,Drawn,0,0,4,6
372,2017-11-13,2017,Test,West Indies,"The Oval, London",4,7,13,1,0,53.85,Caught,0,Lost,0,0,4,9
373,2017-07-13,2017,Test,England,"The Oval, London",4,99,170,14,0,58.24,Caught,0,Won,0,1,56,113
374,2017-02-13,2017,Test,Australia,"Wankhede Stadium, Mumbai",4,115,193,19,0,59.59,Bowled,0,Won,1,0,76,135
375,2017-06-15,2017,Test,West Indies,"The Oval, London",4,123,239,21,0,51.46,Caught,0,Lost,1,0,84,179
376,2017-12-03,2017,Test,South Africa,"Eden Gardens, Kolkata",4,43,74,7,0,58.11,Run Out,0,Won,0,0,28,52
377,2017-02-26,2017,Test,Sri Lanka,"Wankhede Stadium, Mumbai",4,14,23,2,0,60.87,Bowled,0,Won,0,0,8,15
378,2017-04-16,2017,Test,Sri Lanka,"Lord's, London",4,93,186,14,0,50.0,Caught,0,Drawn,0,1,56,135
379,2017-10-05,2017,Test,South Africa,"Wankhede Stadium, Mumbai",4,16,25,2,0,64.0,Not Out,1,Lost,0,0,8,15
380,2017-11-25,2017,Test,Bangladesh,Adelaide Oval,4,103,183,15,0,56.28,Caught,0,Lost,1,0,60,125
381,2017-08-01,2017,Test,Australia,Adelaide Oval,4,8,17,1,0,47.06,Caught,0,Lost,0,0,4,12
382,2017-07-07,2017,Test,Bangladesh,"Eden Gardens, Kolkata",4,74,152,11,0,48.68,Caught,0,Lost,0,1,44,111
383,2017-05-03,2017,Test,England,"Eden Gardens, Kolkata",4,136,208,19,0,65.38,Caught,0,Drawn,1,0,76,129
384,2017-11-06,2017,Test,South Africa,Adelaide Oval,4,76,150,11,0,50.67,Run Out,0,Won,0,1,44,107
385,2017-04-14,2017,Test,Sri Lanka,"Eden Gardens, Kolkata",4,68,114,11,0,59.65,Bowled,0,Lost,0,1,44,79
386,2017-08-03,2017,Test,Australia,Melbourne Cricket Ground,4,84,137,11,0,61.31,Caught,0,Won,0,1,44,86
387,2018-01-01,2018,Test,New Zealand,"Eden Gardens, Kolkata",4,17,34,3,0,50.0,Bowled,0,Drawn,0,0,12,26
388,2018-07-23,2018,Test,South Africa,Melbourne Cricket Ground,4,33,52,6,0,63.46,Caught,0,Lost,0,0,24,37
389,2018-12-26,2018,Test,Sri Lanka,Adelaide Oval,4,28,60,4,0,46.67,Caught,0,Won,0,0,16,44
390,2018-03-13,2018,Test,Australia,"SuperSport Park, Centurion",4,57,109,10,0,52.29,Caught,0,Won,0,1,40,82
391,2018-11-05,2018,Test,Bangladesh,Adelaide Oval,4,13,21,2,0,61.9,Bowled,0,Won,0,0,8,14
392,2018-03-15,2018,Test,New Zealand,"Lord's, London",4,47,81,7,0,58.02,Caught,0,Won,0,0,28,55
393,2018-07-20,2018,Test,West Indies,"Eden Gardens, Kolkata",4,141,283,23,0,49.82,Caught,0,Lost,1,0,92,211
394,2018-02-05,2018,Test,Sri Lanka,"SuperSport Park, Centurion",4,4,6,1,0,66.67,Caught,0,Won,0,0,4,5
395,2018-07-11,2018,Test,Australia,"SuperSport Park, Centurion",4,15,26,2,0,57.69,Caught,0,Lost,0,0,8,17
396,2018-04-18,2018,Test,England,"Wankhede Stadium, Mumbai",4,213,420,33,0,50.71,Caught,0,Won,1,0,132,306
397,2018-12-01,2018,Test,New Zealand,"SuperSport Park, Centurion",4,0,10,0,0,0.0,Caught,0,Won,0,0,0,10
398,2018-09-20,2018,Test,Bangladesh,"Wankhede Stadium, Mumbai",4,27,45,4,0,60.0,Caught,0,Lost,0,0,16,30
399,2018-01-26,2018,Test,England,"SuperSport Park, Centurion",4,23,37,3,0,62.16,Bowled,0,Lost,0,0,12,23
400,2018-08-21,2018,Test,England,"Wankhede Stadium, Mumbai",4,11,20,1,0,55.0,Not Out,1,Lost,0,0,4,12
401,2019-06-11,2019,Test,Australia,Melbourne Cricket Ground,4,27,47,5,0,57.45,Caught,0,Won,0,0,20,35
402,2019-06-18,2019,Test,Sri Lanka,"Eden Gardens, Kolkata",4,52,80,8,0,65.0,LBW,0,Won,0,1,32,52
403,2019-02-01,2019,Test,England,"Wankhede Stadium, Mumbai",4,1,2,0,0,50.0,LBW,0,Won,0,0,0,1
404,2019-01-26,2019,Test,Australia,"The Oval, London",4,11,24,1,0,45.83,LBW,0,Won,0,0,4,16
405,2019-07-14,2019,Test,New Zealand,"Eden Gardens, Kolkata",4,48,93,8,0,51.61,Caught,0,Won,0,0,32,69
406,2019-10-05,2019,Test,Sri Lanka,"Lord's, London",4,139,296,21,0,46.96,Caught,0,Lost,1,0,84,220
407,2019-04-26,2019,Test,Australia,Melbourne Cricket Ground,4,2,4,0,0,50.0,Caught,0,Lost,0,0,0,2
408,2019-11-22,2019,Test,New Zealand,"Eden Gardens, Kolkata",4,96,183,15,0,52.46,Caught,0,Won,0,1,60,132
409,2019-04-02,2019,Test,Australia,Melbourne Cricket Ground,4,243,466,36,0,52.15,Bowled,0,Won,1,0,144,331
410,2019-10-20,2019,Test,Australia,Adelaide Oval,4,31,47,4,0,65.96,Bowled,0,Won,0,0,16,28
411,2019-03-04,2019,Test,South Africa,Adelaide Oval,4,3,5,0,0,60.0,Caught,0,Won,0,0,0,2
412,2019-08-12,2019,Test,West Indies,"Wankhede Stadium, Mumbai",4,7,15,1,0,46.67,Run Out,0,Won,0,0,4,11
413,2019-03-12,2019,Test,New Zealand,Melbourne Cricket Ground,4,22,35,4,0,62.86,Not Out,1,Lost,0,0,16,25
414,2019-02-25,2019,Test,West Indies,Adelaide Oval,4,0,5,0,0,0.0,Caught,0,Drawn,0,0,0,5
415,2019-02-09,2019,Test,South Africa,"Eden Gardens, Kolkata",4,6,9,1,0,66.67,Caught,0,Drawn,0,0,4,6
416,2020-09-12,2020,Test,New Zealand,Adelaide Oval,4,2,3,0,0,66.67,Caught,0,Won,0,0,0,1
417,2020-03-09,2020,Test,Sri Lanka,"SuperSport Park, Centurion",4,15,23,2,0,65.22,Caught,0,Won,0,0,8,14
418,2020-02-08,2020,Test,Australia,"Eden Gardens, Kolkata",4,74,113,12,0,65.49,LBW,0,Won,0,1,48,75
419,2020-01-08,2020,Test,New Zealand,Adelaide Oval,4,204,453,34,0,45.03,Bowled,0,Won,1,0,136,351
420,2020-03-28,2020,Test,Sri Lanka,Adelaide Oval,4,34,64,6,0,53.12,Caught,0,Lost,0,0,24,48
421,2020-11-14,2020,Test,New Zealand,Melbourne Cricket Ground,4,4,6,1,0,66.67,Caught,0,Won,0,0,4,5
422,2020-06-09,2020,Test,South Africa,"SuperSport Park, Centurion",4,48,95,8,0,50.53,Caught,0,Drawn,0,0,32,71
423,2020-11-02,2020,Test,Australia,Melbourne Cricket Ground,4,75,129,10,0,58.14,Caught,0,Won,0,1,40,84
424,2020-07-03,2020,Test,England,"The Oval, London",4,1,2,0,0,50.0,Caught,0,Lost,0,0,0,1
425,2020-06-03,2020,Test,Bangladesh,"Wankhede Stadium, Mumbai",4,99,192,17,0,51.56,Caught,0,Lost,0,1,68,144
426,2020-10-26,2020,Test,Sri Lanka,"Lord's, London",4,32,71,4,1,45.07,Caught,0,Lost,0,0,22,56
427,2020-10-16,2020,Test,West Indies,"SuperSport Park, Centurion",4,14,24,2,0,58.33,Caught,0,Lost,0,0,8,16
428,2020-04-05,2020,Test,Bangladesh,Adelaide Oval,4,21,42,4,0,50.0,Stumped,0,Won,0,0,16,33
429,2020-11-27,2020,Test,Sri Lanka,"Eden Gardens, Kolkata",4,8,18,1,0,44.44,Caught,0,Lost,0,0,4,13
430,2020-11-13,2020,Test,Australia,"SuperSport Park, Centurion",4,18,27,2,0,66.67,Caught,0,Won,0,0,8,15
431,2021-09-08,2021,Test,West Indies,"The Oval, London",4,7,11,1,0,63.64,Caught,0,Lost,0,0,4,7
432,2021-03-23,2021,Test,Sri Lanka,"Lord's, London",4,3,4,0,0,75.0,Caught,0,Won,0,0,0,1
433,2021-09-14,2021,Test,Australia,"Eden Gardens, Kolkata",4,58,126,8,0,46.03,Caught,0,Won,0,1,32,92
434,2021-10-04,2021,Test,South Africa,"Wankhede Stadium, Mumbai",4,235,423,38,0,55.56,LBW,0,Won,1,0,152,302
435,2021-10-19,2021,Test,England,Adelaide Oval,4,84,141,12,0,59.57,LBW,0,Lost,0,1,48,93
436,2021-05-09,2021,Test,Sri Lanka,"SuperSport Park, Centurion",4,48,80,6,0,60.0,Caught,0,Drawn,0,0,24,50
437,2021-12-11,2021,Test,South Africa,"Lord's, London",4,4,6,1,0,66.67,Bowled,0,Lost,0,0,4,5
438,2021-04-05,2021,Test,Sri Lanka,"SuperSport Park, Centurion",4,2,4,0,0,50.0,Caught,0,Won,0,0,0,2
439,2021-03-15,2021,Test,Bangladesh,"The Oval, London",4,9,15,1,0,60.0,Caught,0,Lost,0,0,4,9
440,2021-04-15,2021,Test,South Africa,"Lord's, London",4,200,368,30,0,54.35,Caught,0,Lost,1,0,120,258
441,2021-03-26,2021,Test,Sri Lanka,"Eden Gardens, Kolkata",4,14,27,2,0,51.85,Caught,0,Lost,0,0,8,19
442,2021-01-07,2021,Test,South Africa,"SuperSport Park, Centurion",4,211,330,34,0,63.94,Bowled,0,Lost,1,0,136,221
443,2021-04-12,2021,Test,Bangladesh,"The Oval, London",4,31,59,4,0,52.54,Caught,0,Drawn,0,0,16,40
444,2021-03-01,2021,Test,New Zealand,"The Oval, London",4,2,4,0,0,50.0,Caught,0,Lost,0,0,0,2
445,2022-04-04,2022,Test,Bangladesh,"The Oval, London",4,15,27,2,0,55.56,Not Out,1,Lost,0,0,8,18
446,2022-01-27,2022,Test,Australia,"SuperSport Park, Centurion",4,0,3,0,0,0.0,Bowled,0,Won,0,0,0,3
447,2022-06-22,2022,Test,England,"Eden Gardens, Kolkata",4,254,529,42,0,48.02,Bowled,0,Lost,1,0,168,401
448,2022-02-01,2022,Test,West Indies,Adelaide Oval,4,104,222,16,0,46.85,Caught,0,Won,1,0,64,166
449,2022-03-03,2022,Test,England,"SuperSport Park, Centurion",4,72,109,11,0,66.06,LBW,0,Lost,0,1,44,70
450,2022-08-02,2022,Test,Bangladesh,Melbourne Cricket Ground,4,34,53,4,0,64.15,Caught,0,Lost,0,0,16,31
451,2022-08-01,2022,Test,New Zealand,"The Oval, London",4,119,217,19,0,54.84,Caught,0,Drawn,1,0,76,155
452,2022-03-09,2022,Test,West Indies,"Lord's, London",4,28,51,4,0,54.9,Caught,0,Lost,0,0,16,35
453,2022-10-20,2022,Test,Sri Lanka,Melbourne Cricket Ground,4,47,72,6,0,65.28,Caught,0,Drawn,0,0,24,43
454,2022-09-16,2022,Test,West Indies,Adelaide Oval,4,19,37,3,0,51.35,LBW,0,Lost,0,0,12,27
455,2022-04-21,2022,Test,Australia,"SuperSport Park, Centurion",4,169,329,22,0,51.37,Caught,0,Won,1,0,88,226
456,2022-09-26,2022,Test,New Zealand,Adelaide Oval,4,121,239,21,0,50.63,Caught,0,Lost,1,0,84,181
457,2022-09-26,2022,Test,Sri Lanka,"The Oval, London",4,92,146,13,0,63.01,Caught,0,Drawn,0,1,52,93
458,2022-07-09,2022,Test,South Africa,Melbourne Cricket Ground,4,25,38,4,0,65.79,Caught,0,Drawn,0,0,16,25
459,2022-05-02,2022,Test,Australia,"SuperSport Park, Centurion",4,91,174,12,0,52.3,Caught,0,Won,0,1,48,119
460,2023-04-06,2023,Test,Sri Lanka,Adelaide Oval,4,3,5,0,0,60.0,Caught,0,Won,0,0,0,2
461,2023-12-02,2023,Test,England,"SuperSport Park, Centurion",4,0,4,0,0,0.0,Caught,0,Won,0,0,0,4
462,2023-07-12,2023,Test,England,"SuperSport Park, Centurion",4,2,3,0,0,66.67,Caught,0,Lost,0,0,0,1
463,2023-06-26,2023,Test,Bangladesh,"Eden Gardens, Kolkata",4,58,118,7,1,49.15,Caught,0,Won,0,1,34,86
464,2023-12-23,2023,Test,West Indies,"Lord's, London",4,25,47,4,0,53.19,Caught,0,Won,0,0,16,34
465,2023-04-27,2023,Test,New Zealand,"SuperSport Park, Centurion",4,1,2,0,0,50.0,Not Out,1,Won,0,0,0,1
466,2023-01-03,2023,Test,Sri Lanka,Adelaide Oval,4,16,28,2,0,57.14,Caught,0,Won,0,0,8,18
467,2023-08-01,2023,Test,England,"Lord's, London",4,32,54,4,0,59.26,Bowled,0,Won,0,0,16,34
468,2023-12-06,2023,Test,New Zealand,"SuperSport Park, Centurion",4,22,44,3,0,50.0,Caught,0,Lost,0,0,12,31
469,2023-03-19,2023,Test,Bangladesh,"Eden Gardens, Kolkata",4,48,74,6,0,64.86,Stumped,0,Won,0,0,24,44
470,2023-06-03,2023,Test,England,"Lord's, London",4,14,22,2,0,63.64,Bowled,0,Lost,0,0,8,14
471,2023-02-11,2023,Test,West Indies,"Lord's, London",4,105,158,15,0,66.46,Caught,0,Won,1,0,60,98
472,2023-07-26,2023,Test,South Africa,"Eden Gardens, Kolkata",4,116,241,15,0,48.13,Bowled,0,Won,1,0,60,170
473,2023-09-23,2023,Test,Sri Lanka,"Wankhede Stadium, Mumbai",4,83,138,11,0,60.14,Stumped,0,Lost,0,1,44,88
474,2024-03-13,2024,Test,Bangladesh,"Lord's, London",4,5,9,1,0,55.56,Caught,0,Lost,0,0,4,7
475,2008-08-19,2008,IPL,Rajasthan Royals,"MA Chidambaram Stadium, Chennai",3,5,4,1,0,125.0,Bowled,0,Lost,0,0,4,2
476,2008-12-03,2008,IPL,Kolkata Knight Riders,"Eden Gardens, Kolkata",1,78,50,10,1,156.0,Caught,0,Lost,0,1,46,7
477,2008-04-28,2008,IPL,Kolkata Knight Riders,"Wankhede Stadium, Mumbai",3,5,3,1,0,166.67,Caught,0,Won,0,0,4,1
478,2008-01-28,2008,IPL,Delhi Capitals,"Narendra Modi Stadium, Ahmedabad",2,30,23,4,0,130.43,Caught,0,Lost,0,0,16,5
479,2008-05-20,2008,IPL,Kolkata Knight Riders,"Eden Gardens, Kolkata",3,7,5,1,0,140.0,Caught,0,Won,0,0,4,1
480,2008-06-15,2008,IPL,Punjab Kings,"Eden Gardens, Kolkata",3,38,28,5,1,135.71,Caught,0,Lost,0,0,26,10
481,2008-07-19,2008,IPL,Punjab Kings,"M Chinnaswamy Stadium, Bengaluru",3,11,7,2,0,157.14,LBW,0,Won,0,0,8,2
482,2008-05-22,2008,IPL,Lucknow Super Giants,"M Chinnaswamy Stadium, Bengaluru",3,49,33,6,2,148.48,Not Out,1,Won,0,0,36,12
483,2008-05-09,2008,IPL,Rajasthan Royals,"Narendra Modi Stadium, Ahmedabad",3,2,1,0,0,200.0,Not Out,1,Lost,0,0,0,0
484,2008-04-02,2008,IPL,Punjab Kings,"MA Chidambaram Stadium, Chennai",3,10,8,2,0,125.0,Bowled,0,Lost,0,0,8,4
485,2008-11-16,2008,IPL,Rajasthan Royals,"Eden Gardens, Kolkata",3,6,4,1,0,150.0,Caught,0,Won,0,0,4,1
486,2008-10-23,2008,IPL,Sunrisers Hyderabad,"MA Chidambaram Stadium, Chennai",3,11,8,2,0,137.5,Caught,0,Won,0,0,8,3
487,2008-09-21,2008,IPL,Rajasthan Royals,"Arun Jaitley Stadium, Delhi",3,2,1,0,0,200.0,Not Out,1,Lost,0,0,0,0
488,2008-11-18,2008,IPL,Rajasthan Royals,"Wankhede Stadium, Mumbai",3,9,6,0,2,150.0,Caught,0,Lost,0,0,12,7
489,2008-09-25,2008,IPL,Gujarat Titans,"Wankhede Stadium, Mumbai",3,7,6,1,0,116.67,Not Out,1,Won,0,0,4,2
490,2008-04-24,2008,IPL,Rajasthan Royals,"Eden Gardens, Kolkata",3,16,11,2,0,145.45,LBW,0,Won,0,0,8,1
491,2009-08-28,2009,IPL,Rajasthan Royals,"M Chinnaswamy Stadium, Bengaluru",3,15,11,2,0,136.36,Not Out,1,Lost,0,0,8,2
492,2009-02-28,2009,IPL,Mumbai Indians,"Narendra Modi Stadium, Ahmedabad",3,4,3,1,0,133.33,Caught,0,Won,0,0,4,2
493,2009-03-05,2009,IPL,Punjab Kings,"Wankhede Stadium, Mumbai",3,2,1,0,0,200.0,Caught,0,Lost,0,0,0,0
494,2009-03-25,2009,IPL,Gujarat Titans,"M Chinnaswamy Stadium, Bengaluru",3,2,2,0,0,100.0,Caught,0,Won,0,0,0,0
495,2009-08-09,2009,IPL,Kolkata Knight Riders,"Wankhede Stadium, Mumbai",3,78,60,9,1,130.0,Caught,0,Lost,0,1,42,14
496,2009-02-05,2009,IPL,Kolkata Knight Riders,"MA Chidambaram Stadium, Chennai",3,13,9,1,1,144.44,LBW,0,Won,0,0,10,4
497,2009-07-01,2009,IPL,Sunrisers Hyderabad,"M Chinnaswamy Stadium, Bengaluru",3,56,41,9,1,136.59,Caught,0,Lost,0,1,42,17
498,2009-09-07,2009,IPL,Rajasthan Royals,"M Chinnaswamy Stadium, Bengaluru",3,25,15,4,0,166.67,Caught,0,Lost,0,0,16,2
499,2009-05-05,2009,IPL,Delhi Capitals,"M Chinnaswamy Stadium, Bengaluru",3,46,36,7,1,127.78,Caught,0,Won,0,0,34,16
500,2009-05-10,2009,IPL,Punjab Kings,"Arun Jaitley Stadium, Delhi",3,49,40,5,3,122.5,Caught,0,Won,0,0,38,21
501,2009-03-11,2009,IPL,Lucknow Super Giants,"Arun Jaitley Stadium, Delhi",3,35,27,6,0,129.63,Caught,0,Lost,0,0,24,10
502,2009-07-01,2009,IPL,Delhi Capitals,"Wankhede Stadium, Mumbai",3,19,15,3,0,126.67,Caught,0,Lost,0,0,12,5
503,2009-09-06,2009,IPL,Kolkata Knight Riders,"M Chinnaswamy Stadium, Bengaluru",3,9,7,1,0,128.57,Bowled,0,Won,0,0,4,1
504,2009-09-20,2009,IPL,Chennai Super Kings,"M Chinnaswamy Stadium, Bengaluru",3,97,73,14,1,132.88,Caught,0,Lost,0,1,62,23
505,2009-01-02,2009,IPL,Chennai Super Kings,"Narendra Modi Stadium, Ahmedabad",4,18,12,3,0,150.0,Caught,0,Won,0,0,12,3
506,2010-12-05,2010,IPL,Sunrisers Hyderabad,"Wankhede Stadium, Mumbai",3,113,93,16,0,121.51,Not Out,1,Lost,1,0,64,28
507,2010-11-17,2010,IPL,Chennai Super Kings,"Eden Gardens, Kolkata",3,5,4,1,0,125.0,Bowled,0,Lost,0,0,4,2
508,2010-09-24,2010,IPL,Kolkata Knight Riders,"MA Chidambaram Stadium, Chennai",1,12,9,2,0,133.33,LBW,0,Won,0,0,8,3
509,2010-05-27,2010,IPL,Mumbai Indians,"MA Chidambaram Stadium, Chennai",3,71,51,10,1,139.22,Not Out,1,Lost,0,1,46,15
510,2010-01-18,2010,IPL,Rajasthan Royals,"Arun Jaitley Stadium, Delhi",3,50,33,6,1,151.52,Bowled,0,Won,0,1,30,6
511,2010-11-03,2010,IPL,Gujarat Titans,"M Chinnaswamy Stadium, Bengaluru",3,28,21,4,0,133.33,Caught,0,Lost,0,0,16,5
512,2010-09-03,2010,IPL,Gujarat Titans,"Narendra Modi Stadium, Ahmedabad",3,94,77,11,1,122.08,Caught,0,Won,0,1,50,21
513,2010-05-09,2010,IPL,Punjab Kings,"Arun Jaitley Stadium, Delhi",2,28,19,4,0,147.37,Caught,0,Lost,0,0,16,3
514,2010-11-11,2010,IPL,Chennai Super Kings,"Arun Jaitley Stadium, Delhi",3,75,48,10,1,156.25,Caught,0,Lost,0,1,46,8
515,2010-01-28,2010,IPL,Mumbai Indians,"Wankhede Stadium, Mumbai",3,29,18,5,0,161.11,Caught,0,Lost,0,0,20,4
516,2010-10-09,2010,IPL,Kolkata Knight Riders,"Narendra Modi Stadium, Ahmedabad",3,109,83,17,1,131.33,Caught,0,Won,1,0,74,30
517,2010-08-09,2010,IPL,Kolkata Knight Riders,"Arun Jaitley Stadium, Delhi",3,18,15,3,0,120.0,Run Out,0,Lost,0,0,12,6
518,2010-03-04,2010,IPL,Gujarat Titans,"Wankhede Stadium, Mumbai",3,6,4,1,0,150.0,Caught,0,Won,0,0,4,1
519,2010-02-14,2010,IPL,Chennai Super Kings,"MA Chidambaram Stadium, Chennai",3,50,30,7,1,166.67,Not Out,1,Won,0,1,34,6
520,2010-06-20,2010,IPL,Gujarat Titans,"M Chinnaswamy Stadium, Bengaluru",3,71,57,8,2,124.56,Caught,0,Lost,0,1,44,20
521,2011-07-15,2011,IPL,Kolkata Knight Riders,"M Chinnaswamy Stadium, Bengaluru",3,3,2,0,0,150.0,Caught,0,Won,0,0,0,0
522,2011-12-19,2011,IPL,Chennai Super Kings,"Narendra Modi Stadium, Ahmedabad",3,2,1,0,0,200.0,Bowled,0,Lost,0,0,0,0
523,2011-10-04,2011,IPL,Rajasthan Royals,"Arun Jaitley Stadium, Delhi",3,11,8,2,0,137.5,LBW,0,Lost,0,0,8,3
524,2011-11-13,2011,IPL,Delhi Capitals,"Wankhede Stadium, Mumbai",3,12,9,1,1,133.33,Not Out,1,Won,0,0,10,5
525,2011-01-21,2011,IPL,Lucknow Super Giants,"Wankhede Stadium, Mumbai",3,6,4,0,1,150.0,Not Out,1,Won,0,0,6,3
526,2011-02-25,2011,IPL,Gujarat Titans,"Arun Jaitley Stadium, Delhi",3,65,41,11,0,158.54,Not Out,1,Won,0,1,44,9
527,2011-04-18,2011,IPL,Rajasthan Royals,"Narendra Modi Stadium, Ahmedabad",3,10,6,1,1,166.67,Caught,0,Won,0,0,10,4
528,2011-10-15,2011,IPL,Delhi Capitals,"M Chinnaswamy Stadium, Bengaluru",3,36,30,4,2,120.0,Bowled,0,Lost,0,0,28,16
529,2011-12-21,2011,IPL,Gujarat Titans,"M Chinnaswamy Stadium, Bengaluru",4,8,6,1,0,133.33,Caught,0,Won,0,0,4,1
530,2011-02-26,2011,IPL,Chennai Super Kings,"MA Chidambaram Stadium, Chennai",3,6,4,1,0,150.0,Caught,0,Lost,0,0,4,1
531,2011-11-22,2011,IPL,Punjab Kings,"Arun Jaitley Stadium, Delhi",3,60,38,8,1,157.89,LBW,0,Lost,0,1,38,7
532,2011-08-11,2011,IPL,Rajasthan Royals,"MA Chidambaram Stadium, Chennai",3,32,20,5,0,160.0,Bowled,0,Lost,0,0,20,3
533,2011-08-04,2011,IPL,Gujarat Titans,"M Chinnaswamy Stadium, Bengaluru",3,19,13,3,0,146.15,LBW,0,Lost,0,0,12,3
534,2011-11-26,2011,IPL,Delhi Capitals,"Eden Gardens, Kolkata",3,23,20,3,0,115.0,Run Out,0,Won,0,0,12,6
535,2011-03-16,2011,IPL,Rajasthan Royals,"Wankhede Stadium, Mumbai",3,76,51,10,0,149.02,Caught,0,Lost,0,1,40,5
536,2012-04-04,2012,IPL,Sunrisers Hyderabad,"Arun Jaitley Stadium, Delhi",3,60,50,8,1,120.0,Not Out,1,Won,0,1,38,19
537,2012-07-02,2012,IPL,Delhi Capitals,"Narendra Modi Stadium, Ahmedabad",3,70,46,8,1,152.17,LBW,0,Lost,0,1,38,5
538,2012-11-19,2012,IPL,Mumbai Indians,"MA Chidambaram Stadium, Chennai",4,6,4,1,0,150.0,Not Out,1,Lost,0,0,4,1
539,2012-07-27,2012,IPL,Chennai Super Kings,"MA Chidambaram Stadium, Chennai",3,7,5,1,0,140.0,Run Out,0,Lost,0,0,4,1
540,2012-12-19,2012,IPL,Lucknow Super Giants,"Wankhede Stadium, Mumbai",3,26,17,4,0,152.94,Caught,0,Lost,0,0,16,3
541,2012-10-11,2012,IPL,Kolkata Knight Riders,"MA Chidambaram Stadium, Chennai",3,50,42,7,1,119.05,Caught,0,Lost,0,1,34,18
542,2012-04-09,2012,IPL,Sunrisers Hyderabad,"Arun Jaitley Stadium, Delhi",3,18,11,3,0,163.64,Bowled,0,Lost,0,0,12,2
543,2012-07-20,2012,IPL,Punjab Kings,"Narendra Modi Stadium, Ahmedabad",3,1,1,0,0,100.0,Bowled,0,Won,0,0,0,0
544,2012-06-23,2012,IPL,Lucknow Super Giants,"Narendra Modi Stadium, Ahmedabad",3,108,83,15,2,130.12,Bowled,0,Won,1,0,72,30
545,2012-05-22,2012,IPL,Delhi Capitals,"Eden Gardens, Kolkata",3,74,59,11,1,125.42,Not Out,1,Won,0,1,50,23
546,2012-03-17,2012,IPL,Kolkata Knight Riders,"MA Chidambaram Stadium, Chennai",3,28,17,4,0,164.71,Caught,0,Lost,0,0,16,1
547,2012-09-16,2012,IPL,Rajasthan Royals,"MA Chidambaram Stadium, Chennai",3,72,48,12,0,150.0,Caught,0,Lost,0,1,48,12
548,2012-09-10,2012,IPL,Sunrisers Hyderabad,"Arun Jaitley Stadium, Delhi",3,21,14,3,1,150.0,Caught,0,Won,0,0,18,7
549,2012-01-22,2012,IPL,Lucknow Super Giants,"M Chinnaswamy Stadium, Bengaluru",3,24,20,3,0,120.0,Caught,0,Lost,0,0,12,5
550,2012-03-27,2012,IPL,Kolkata Knight Riders,"M Chinnaswamy Stadium, Bengaluru",3,21,13,3,0,161.54,Caught,0,Won,0,0,12,1
551,2013-06-27,2013,IPL,Punjab Kings,"Arun Jaitley Stadium, Delhi",2,23,18,3,1,127.78,Run Out,0,Lost,0,0,18,9
552,2013-12-10,2013,IPL,Lucknow Super Giants,"Narendra Modi Stadium, Ahmedabad",3,19,14,3,0,135.71,Bowled,0,Won,0,0,12,4
553,2013-11-11,2013,IPL,Sunrisers Hyderabad,"MA Chidambaram Stadium, Chennai",3,14,10,2,0,140.0,Caught,0,Won,0,0,8,2
554,2013-08-27,2013,IPL,Delhi Capitals,"Wankhede Stadium, Mumbai",3,3,2,0,1,150.0,Not Out,1,Lost,0,0,6,4
555,2013-10-07,2013,IPL,Rajasthan Royals,"Narendra Modi Stadium, Ahmedabad",3,7,5,1,0,140.0,Caught,0,Lost,0,0,4,1
556,2013-02-06,2013,IPL,Punjab Kings,"Wankhede Stadium, Mumbai",3,54,39,8,1,138.46,Caught,0,Won,0,1,38,14
557,2013-09-09,2013,IPL,Mumbai Indians,"Wankhede Stadium, Mumbai",3,24,18,4,0,133.33,Bowled,0,Lost,0,0,16,6
558,2013-03-02,2013,IPL,Punjab Kings,"Wankhede Stadium, Mumbai",3,1,1,0,1,100.0,Bowled,0,Lost,0,0,6,5
559,2013-11-10,2013,IPL,Chennai Super Kings,"Arun Jaitley Stadium, Delhi",3,14,9,2,0,155.56,LBW,0,Lost,0,0,8,1
560,2013-06-17,2013,IPL,Lucknow Super Giants,"Wankhede Stadium, Mumbai",3,4,3,1,0,133.33,Caught,0,Won,0,0,4,2
561,2013-07-18,2013,IPL,Lucknow Super Giants,"MA Chidambaram Stadium, Chennai",3,96,81,14,1,118.52,Caught,0,Won,0,1,62,32
562,2013-06-11,2013,IPL,Rajasthan Royals,"Eden Gardens, Kolkata",3,3,2,0,1,150.0,Caught,0,Won,0,0,6,4
563,2013-11-01,2013,IPL,Lucknow Super Giants,"M Chinnaswamy Stadium, Bengaluru",3,56,40,7,2,140.0,LBW,0,Won,0,1,40,15
564,2013-10-08,2013,IPL,Gujarat Titans,"M Chinnaswamy Stadium, Bengaluru",3,23,18,3,1,127.78,LBW,0,Won,0,0,18,9
565,2013-02-13,2013,IPL,Rajasthan Royals,"Eden Gardens, Kolkata",3,86,64,12,2,134.38,LBW,0,Won,0,1,60,24
566,2013-06-17,2013,IPL,Punjab Kings,"MA Chidambaram Stadium, Chennai",3,49,42,6,1,116.67,Bowled,0,Lost,0,0,30,16
567,2014-06-17,2014,IPL,Chennai Super Kings,"M Chinnaswamy Stadium, Bengaluru",3,86,66,14,0,130.3,Not Out,1,Won,0,1,56,22
568,2014-09-01,2014,IPL,Kolkata Knight Riders,"Narendra Modi Stadium, Ahmedabad",2,1,1,0,0,100.0,Caught,0,Won,0,0,0,0
569,2014-12-24,2014,IPL,Sunrisers Hyderabad,"Arun Jaitley Stadium, Delhi",3,3,2,0,0,150.0,Not Out,1,Won,0,0,0,0
570,2014-08-23,2014,IPL,Mumbai Indians,"Eden Gardens, Kolkata",1,8,5,1,0,160.0,Bowled,0,Won,0,0,4,0
571,2014-02-19,2014,IPL,Chennai Super Kings,"Wankhede Stadium, Mumbai",3,8,6,0,1,133.33,Bowled,0,Lost,0,0,6,3
572,2014-07-11,2014,IPL,Sunrisers Hyderabad,"M Chinnaswamy Stadium, Bengaluru",3,4,3,0,1,133.33,Caught,0,Won,0,0,6,4
573,2014-10-03,2014,IPL,Mumbai Indians,"Narendra Modi Stadium, Ahmedabad",3,4,3,1,0,133.33,Caught,0,Lost,0,0,4,2
574,2014-05-26,2014,IPL,Mumbai Indians,"Narendra Modi Stadium, Ahmedabad",3,14,11,0,2,127.27,Caught,0,Lost,0,0,12,7
575,2014-07-13,2014,IPL,Mumbai Indians,"Narendra Modi Stadium, Ahmedabad",2,39,30,6,1,130.0,Caught,0,Lost,0,0,30,14
576,2014-09-10,2014,IPL,Lucknow Super Giants,"Narendra Modi Stadium, Ahmedabad",3,17,13,3,0,130.77,Not Out,1,Lost,0,0,12,5
577,2014-02-02,2014,IPL,Chennai Super Kings,"M Chinnaswamy Stadium, Bengaluru",3,48,34,5,2,141.18,Caught,0,Won,0,0,32,11
578,2014-05-07,2014,IPL,Sunrisers Hyderabad,"Narendra Modi Stadium, Ahmedabad",3,3,2,0,0,150.0,Not Out,1,Lost,0,0,0,0
579,2014-09-05,2014,IPL,Rajasthan Royals,"Wankhede Stadium, Mumbai",3,100,80,15,2,125.0,Caught,0,Lost,1,0,72,35
580,2014-10-28,2014,IPL,Punjab Kings,"M Chinnaswamy Stadium, Bengaluru",3,33,26,3,2,126.92,Caught,0,Won,0,0,24,12
581,2014-05-22,2014,IPL,Lucknow Super Giants,"M Chinnaswamy Stadium, Bengaluru",3,94,68,14,0,138.24,Caught,0,Lost,0,1,56,16
582,2015-06-12,2015,IPL,Delhi Capitals,"Wankhede Stadium, Mumbai",3,68,45,7,3,151.11,Caught,0,Won,0,1,46,13
583,2015-04-11,2015,IPL,Delhi Capitals,"Arun Jaitley Stadium, Delhi",3,24,20,4,0,120.0,Caught,0,Won,0,0,16,8
584,2015-10-12,2015,IPL,Punjab Kings,"Eden Gardens, Kolkata",3,4,3,1,0,133.33,Caught,0,Won,0,0,4,2
585,2015-04-23,2015,IPL,Kolkata Knight Riders,"Narendra Modi Stadium, Ahmedabad",3,59,51,7,1,115.69,Caught,0,Won,0,1,34,18
586,2015-12-11,2015,IPL,Punjab Kings,"Arun Jaitley Stadium, Delhi",3,1,1,0,0,100.0,Caught,0,Won,0,0,0,0
587,2015-02-06,2015,IPL,Rajasthan Royals,"Narendra Modi Stadium, Ahmedabad",3,19,12,3,0,158.33,Caught,0,Won,0,0,12,2
588,2015-09-07,2015,IPL,Punjab Kings,"Eden Gardens, Kolkata",3,23,15,3,0,153.33,Caught,0,Won,0,0,12,1
589,2015-09-21,2015,IPL,Mumbai Indians,"M Chinnaswamy Stadium, Bengaluru",3,25,17,4,0,147.06,LBW,0,Lost,0,0,16,4
590,2015-01-18,2015,IPL,Sunrisers Hyderabad,"Eden Gardens, Kolkata",3,7,5,1,0,140.0,Caught,0,Lost,0,0,4,1
591,2015-06-13,2015,IPL,Lucknow Super Giants,"Wankhede Stadium, Mumbai",3,66,48,11,0,137.5,Not Out,1,Won,0,1,44,15
592,2015-09-03,2015,IPL,Punjab Kings,"Arun Jaitley Stadium, Delhi",3,0,2,0,0,0.0,Caught,0,Won,0,0,0,2
593,2015-10-22,2015,IPL,Chennai Super Kings,"Wankhede Stadium, Mumbai",3,32,22,3,2,145.45,Not Out,1,Lost,0,0,24,9
594,2015-10-22,2015,IPL,Kolkata Knight Riders,"Wankhede Stadium, Mumbai",3,65,47,8,1,138.3,Caught,0,Won,0,1,38,11
595,2015-08-08,2015,IPL,Gujarat Titans,"M Chinnaswamy Stadium, Bengaluru",3,11,7,1,0,157.14,Caught,0,Lost,0,0,4,0
596,2015-06-13,2015,IPL,Delhi Capitals,"Arun Jaitley Stadium, Delhi",3,30,26,4,0,115.38,Caught,0,Won,0,0,16,8
597,2016-02-23,2016,IPL,Chennai Super Kings,"MA Chidambaram Stadium, Chennai",3,31,26,2,3,119.23,Caught,0,Won,0,0,26,16
598,2016-09-19,2016,IPL,Punjab Kings,"Wankhede Stadium, Mumbai",3,19,12,3,0,158.33,Caught,0,Lost,0,0,12,2
599,2016-02-17,2016,IPL,Sunrisers Hyderabad,"Eden Gardens, Kolkata",3,26,20,4,0,130.0,Caught,0,Won,0,0,16,6
600,2016-06-16,2016,IPL,Delhi Capitals,"Arun Jaitley Stadium, Delhi",3,36,26,4,1,138.46,Caught,0,Won,0,0,22,7
601,2016-03-08,2016,IPL,Chennai Super Kings,"M Chinnaswamy Stadium, Bengaluru",3,2,1,0,0,200.0,Caught,0,Won,0,0,0,0
602,2016-06-20,2016,IPL,Punjab Kings,"Narendra Modi Stadium, Ahmedabad",3,49,39,7,0,125.64,Run Out,0,Lost,0,0,28,11
603,2016-02-16,2016,IPL,Delhi Capitals,"Narendra Modi Stadium, Ahmedabad",3,3,2,0,0,150.0,Caught,0,Lost,0,0,0,0
604,2016-07-01,2016,IPL,Delhi Capitals,"Wankhede Stadium, Mumbai",2,61,42,10,0,145.24,Not Out,1,Lost,0,1,40,11
605,2016-10-05,2016,IPL,Kolkata Knight Riders,"M Chinnaswamy Stadium, Bengaluru",3,17,12,1,1,141.67,LBW,0,Lost,0,0,10,3
606,2016-10-21,2016,IPL,Kolkata Knight Riders,"M Chinnaswamy Stadium, Bengaluru",3,90,64,13,0,140.62,LBW,0,Won,0,1,52,13
607,2016-10-16,2016,IPL,Punjab Kings,"Arun Jaitley Stadium, Delhi",3,94,58,12,1,162.07,Caught,0,Won,0,1,54,5
608,2016-03-20,2016,IPL,Sunrisers Hyderabad,"Narendra Modi Stadium, Ahmedabad",3,9,6,1,0,150.0,Caught,0,Lost,0,0,4,0
609,2016-08-20,2016,IPL,Kolkata Knight Riders,"MA Chidambaram Stadium, Chennai",4,8,5,1,0,160.0,Not Out,1,Won,0,0,4,0
610,2016-09-28,2016,IPL,Sunrisers Hyderabad,"MA Chidambaram Stadium, Chennai",3,6,5,1,0,120.0,Caught,0,Lost,0,0,4,2
611,2016-10-20,2016,IPL,Kolkata Knight Riders,"M Chinnaswamy Stadium, Bengaluru",3,13,9,2,0,144.44,LBW,0,Lost,0,0,8,2
612,2017-08-22,2017,IPL,Lucknow Super Giants,"Wankhede Stadium, Mumbai",3,12,9,2,0,133.33,Bowled,0,Won,0,0,8,3
613,2017-11-21,2017,IPL,Lucknow Super Giants,"Arun Jaitley Stadium, Delhi",3,9,6,2,0,150.0,Bowled,0,Won,0,0,8,3
614,2017-07-08,2017,IPL,Rajasthan Royals,"Arun Jaitley Stadium, Delhi",3,58,37,5,4,156.76,Caught,0,Lost,0,1,44,14
615,2017-12-19,2017,IPL,Sunrisers Hyderabad,"M Chinnaswamy Stadium, Bengaluru",3,19,14,3,0,135.71,Caught,0,Lost,0,0,12,4
616,2017-02-10,2017,IPL,Punjab Kings,"MA Chidambaram Stadium, Chennai",3,49,35,6,1,140.0,Caught,0,Won,0,0,30,9
617,2017-12-26,2017,IPL,Sunrisers Hyderabad,"M Chinnaswamy Stadium, Bengaluru",3,2,2,0,0,100.0,LBW,0,Won,0,0,0,0
618,2017-04-23,2017,IPL,Mumbai Indians,"Eden Gardens, Kolkata",3,12,9,2,0,133.33,Caught,0,Lost,0,0,8,3
619,2017-05-09,2017,IPL,Mumbai Indians,"MA Chidambaram Stadium, Chennai",3,4,3,1,0,133.33,Caught,0,Won,0,0,4,2
620,2017-07-25,2017,IPL,Rajasthan Royals,"Wankhede Stadium, Mumbai",3,66,45,10,1,146.67,Not Out,1,Lost,0,1,46,14
621,2017-09-16,2017,IPL,Lucknow Super Giants,"Eden Gardens, Kolkata",3,10,7,1,0,142.86,Caught,0,Won,0,0,4,0
622,2017-03-28,2017,IPL,Rajasthan Royals,"Narendra Modi Stadium, Ahmedabad",2,8,5,0,1,160.0,Bowled,0,Won,0,0,6,2
623,2017-02-07,2017,IPL,Gujarat Titans,"MA Chidambaram Stadium, Chennai",3,16,10,3,0,160.0,Caught,0,Lost,0,0,12,3
624,2017-11-23,2017,IPL,Rajasthan Royals,"M Chinnaswamy Stadium, Bengaluru",3,33,21,4,1,157.14,Caught,0,Won,0,0,22,5
625,2017-08-20,2017,IPL,Chennai Super Kings,"Arun Jaitley Stadium, Delhi",3,17,11,3,0,154.55,Caught,0,Won,0,0,12,3
626,2017-12-13,2017,IPL,Delhi Capitals,"Arun Jaitley Stadium, Delhi",3,4,3,1,0,133.33,Caught,0,Won,0,0,4,2
627,2018-01-25,2018,IPL,Lucknow Super Giants,"Wankhede Stadium, Mumbai",3,27,21,4,1,128.57,Run Out,0,Won,0,0,22,11
628,2018-09-10,2018,IPL,Gujarat Titans,"Wankhede Stadium, Mumbai",2,25,22,3,1,113.64,LBW,0,Lost,0,0,18,11
629,2018-11-01,2018,IPL,Kolkata Knight Riders,"Wankhede Stadium, Mumbai",3,81,54,12,0,150.0,Run Out,0,Won,0,1,48,9
630,2018-10-07,2018,IPL,Sunrisers Hyderabad,"MA Chidambaram Stadium, Chennai",1,24,18,3,0,133.33,Caught,0,Lost,0,0,12,3
631,2018-09-19,2018,IPL,Mumbai Indians,"Eden Gardens, Kolkata",3,52,36,8,0,144.44,Caught,0,Lost,0,1,32,8
632,2018-08-13,2018,IPL,Punjab Kings,"MA Chidambaram Stadium, Chennai",2,10,8,2,0,125.0,LBW,0,Won,0,0,8,4
633,2018-09-10,2018,IPL,Sunrisers Hyderabad,"Eden Gardens, Kolkata",3,23,16,4,0,143.75,Caught,0,Won,0,0,16,5
634,2018-10-09,2018,IPL,Lucknow Super Giants,"Narendra Modi Stadium, Ahmedabad",3,26,16,4,0,162.5,Caught,0,Won,0,0,16,2
635,2018-06-25,2018,IPL,Sunrisers Hyderabad,"Arun Jaitley Stadium, Delhi",3,101,71,15,2,142.25,Caught,0,Won,1,0,72,25
636,2018-07-21,2018,IPL,Chennai Super Kings,"Wankhede Stadium, Mumbai",3,15,11,2,0,136.36,Caught,0,Won,0,0,8,2
637,2018-06-17,2018,IPL,Delhi Capitals,"MA Chidambaram Stadium, Chennai",3,54,35,8,0,154.29,Not Out,1,Lost,0,1,32,5
638,2018-12-27,2018,IPL,Delhi Capitals,"Eden Gardens, Kolkata",2,1,1,0,1,100.0,Caught,0,Lost,0,0,6,5
639,2018-10-09,2018,IPL,Gujarat Titans,"Wankhede Stadium, Mumbai",3,26,20,4,0,130.0,Caught,0,Won,0,0,16,6
640,2018-12-08,2018,IPL,Delhi Capitals,"Eden Gardens, Kolkata",3,49,35,6,1,140.0,Caught,0,Lost,0,0,30,9
641,2018-06-05,2018,IPL,Delhi Capitals,"M Chinnaswamy Stadium, Bengaluru",1,49,31,6,2,158.06,LBW,0,Won,0,0,36,10
642,2018-09-02,2018,IPL,Gujarat Titans,"Arun Jaitley Stadium, Delhi",3,88,60,13,1,146.67,Bowled,0,Won,0,1,58,16
643,2019-10-28,2019,IPL,Rajasthan Royals,"Eden Gardens, Kolkata",3,32,23,3,2,139.13,Caught,0,Lost,0,0,24,10
644,2019-10-05,2019,IPL,Lucknow Super Giants,"M Chinnaswamy Stadium, Bengaluru",3,100,78,12,2,128.21,Caught,0,Won,1,0,60,24
645,2019-09-12,2019,IPL,Sunrisers Hyderabad,"Arun Jaitley Stadium, Delhi",3,3,2,0,0,150.0,Bowled,0,Won,0,0,0,0
646,2019-09-15,2019,IPL,Kolkata Knight Riders,"Eden Gardens, Kolkata",3,14,10,2,0,140.0,Caught,0,Lost,0,0,8,2
647,2019-02-11,2019,IPL,Chennai Super Kings,"Eden Gardens, Kolkata",3,55,37,6,2,148.65,LBW,0,Lost,0,1,36,10
648,2019-05-16,2019,IPL,Punjab Kings,"MA Chidambaram Stadium, Chennai",3,3,2,0,0,150.0,Run Out,0,Won,0,0,0,0
649,2019-12-25,2019,IPL,Kolkata Knight Riders,"Eden Gardens, Kolkata",3,13,9,2,0,144.44,Not Out,1,Lost,0,0,8,2
650,2019-03-19,2019,IPL,Sunrisers Hyderabad,"Narendra Modi Stadium, Ahmedabad",3,7,5,1,0,140.0,LBW,0,Lost,0,0,4,1
651,2019-09-14,2019,IPL,Mumbai Indians,"Arun Jaitley Stadium, Delhi",3,11,7,2,0,157.14,LBW,0,Won,0,0,8,2
652,2019-07-16,2019,IPL,Kolkata Knight Riders,"Wankhede Stadium, Mumbai",3,61,44,7,1,138.64,LBW,0,Won,0,1,34,9
653,2019-08-10,2019,IPL,Lucknow Super Giants,"Eden Gardens, Kolkata",3,89,63,12,1,141.27,Bowled,0,Lost,0,1,54,15
654,2019-01-07,2019,IPL,Chennai Super Kings,"Eden Gardens, Kolkata",3,96,71,15,0,135.21,Caught,0,Won,0,1,60,20
655,2019-06-12,2019,IPL,Mumbai Indians,"MA Chidambaram Stadium, Chennai",3,1,1,0,0,100.0,Not Out,1,Won,0,0,0,0
656,2019-06-28,2019,IPL,Punjab Kings,"Narendra Modi Stadium, Ahmedabad",3,26,20,4,0,130.0,Not Out,1,Lost,0,0,16,6
657,2019-09-06,2019,IPL,Delhi Capitals,"Eden Gardens, Kolkata",3,5,3,1,0,166.67,Stumped,0,Lost,0,0,4,1
658,2020-02-13,2020,IPL,Lucknow Super Giants,"MA Chidambaram Stadium, Chennai",3,5,4,0,1,125.0,Caught,0,Lost,0,0,6,4
659,2020-06-14,2020,IPL,Kolkata Knight Riders,"Narendra Modi Stadium, Ahmedabad",3,4,3,0,1,133.33,Caught,0,Lost,0,0,6,4
660,2020-03-11,2020,IPL,Sunrisers Hyderabad,"Wankhede Stadium, Mumbai",3,44,28,4,2,157.14,LBW,0,Lost,0,0,28,6
661,2020-07-09,2020,IPL,Punjab Kings,"Arun Jaitley Stadium, Delhi",3,26,17,4,0,152.94,Caught,0,Won,0,0,16,3
662,2020-08-14,2020,IPL,Rajasthan Royals,"Wankhede Stadium, Mumbai",3,38,25,5,1,152.0,Caught,0,Won,0,0,26,7
663,2020-05-24,2020,IPL,Chennai Super Kings,"Narendra Modi Stadium, Ahmedabad",3,27,22,4,0,122.73,LBW,0,Lost,0,0,16,7
664,2020-02-16,2020,IPL,Delhi Capitals,"MA Chidambaram Stadium, Chennai",4,63,51,8,0,123.53,Run Out,0,Lost,0,1,32,12
665,2020-05-20,2020,IPL,Lucknow Super Giants,"Wankhede Stadium, Mumbai",4,72,47,9,0,153.19,Caught,0,Lost,0,1,36,2
666,2020-08-21,2020,IPL,Punjab Kings,"Wankhede Stadium, Mumbai",2,49,39,6,2,125.64,Caught,0,Won,0,0,36,18
667,2020-06-28,2020,IPL,Chennai Super Kings,"Arun Jaitley Stadium, Delhi",3,4,3,1,0,133.33,Caught,0,Won,0,0,4,2
668,2020-03-23,2020,IPL,Lucknow Super Giants,"MA Chidambaram Stadium, Chennai",3,96,59,13,2,162.71,LBW,0,Won,0,1,64,12
669,2020-10-14,2020,IPL,Gujarat Titans,"MA Chidambaram Stadium, Chennai",3,95,65,14,1,146.15,Caught,0,Lost,0,1,62,17
670,2020-09-08,2020,IPL,Lucknow Super Giants,"M Chinnaswamy Stadium, Bengaluru",3,40,31,5,1,129.03,Caught,0,Won,0,0,26,11
671,2020-01-01,2020,IPL,Rajasthan Royals,"MA Chidambaram Stadium, Chennai",3,14,10,1,1,140.0,Caught,0,Lost,0,0,10,4
672,2020-01-23,2020,IPL,Kolkata Knight Riders,"Arun Jaitley Stadium, Delhi",3,90,68,12,1,132.35,Bowled,0,Won,0,1,54,19
673,2021-05-20,2021,IPL,Gujarat Titans,"Wankhede Stadium, Mumbai",3,8,6,1,0,133.33,LBW,0,Lost,0,0,4,1
674,2021-09-14,2021,IPL,Lucknow Super Giants,"Arun Jaitley Stadium, Delhi",3,2,1,0,0,200.0,Not Out,1,Lost,0,0,0,0
675,2021-02-14,2021,IPL,Sunrisers Hyderabad,"Narendra Modi Stadium, Ahmedabad",3,113,72,15,0,156.94,Bowled,0,Won,1,0,60,4
676,2021-05-14,2021,IPL,Punjab Kings,"Wankhede Stadium, Mumbai",3,7,5,1,0,140.0,Caught,0,Won,0,0,4,1
677,2021-08-20,2021,IPL,Kolkata Knight Riders,"Arun Jaitley Stadium, Delhi",3,20,16,3,0,125.0,Caught,0,Lost,0,0,12,5
678,2021-01-18,2021,IPL,Gujarat Titans,"M Chinnaswamy Stadium, Bengaluru",3,49,39,6,0,125.64,Caught,0,Lost,0,0,24,8
679,2021-08-24,2021,IPL,Mumbai Indians,"M Chinnaswamy Stadium, Bengaluru",3,17,13,2,0,130.77,Caught,0,Lost,0,0,8,2
680,2021-07-10,2021,IPL,Kolkata Knight Riders,"Arun Jaitley Stadium, Delhi",3,49,42,7,0,116.67,LBW,0,Won,0,0,28,14
681,2021-02-27,2021,IPL,Gujarat Titans,"Wankhede Stadium, Mumbai",4,70,47,9,0,148.94,Bowled,0,Won,0,1,36,4
682,2021-05-27,2021,IPL,Mumbai Indians,"Arun Jaitley Stadium, Delhi",3,19,13,3,0,146.15,Caught,0,Won,0,0,12,3
683,2021-07-25,2021,IPL,Mumbai Indians,"Arun Jaitley Stadium, Delhi",3,86,53,13,1,162.26,Bowled,0,Lost,0,1,58,11
684,2021-02-17,2021,IPL,Chennai Super Kings,"Narendra Modi Stadium, Ahmedabad",3,11,9,2,0,122.22,LBW,0,Won,0,0,8,4
685,2021-06-06,2021,IPL,Gujarat Titans,"Narendra Modi Stadium, Ahmedabad",3,6,4,0,1,150.0,Not Out,1,Lost,0,0,6,3
686,2021-11-10,2021,IPL,Lucknow Super Giants,"Wankhede Stadium, Mumbai",3,49,35,6,1,140.0,Caught,0,Lost,0,0,30,9
687,2021-02-08,2021,IPL,Chennai Super Kings,"Narendra Modi Stadium, Ahmedabad",3,96,61,13,0,157.38,Caught,0,Lost,0,1,52,4
688,2022-02-13,2022,IPL,Chennai Super Kings,"Wankhede Stadium, Mumbai",1,12,10,2,0,120.0,Not Out,1,Lost,0,0,8,4
689,2022-02-08,2022,IPL,Gujarat Titans,"Wankhede Stadium, Mumbai",3,5,3,1,0,166.67,Not Out,1,Lost,0,0,4,1
690,2022-11-02,2022,IPL,Rajasthan Royals,"M Chinnaswamy Stadium, Bengaluru",3,90,56,15,1,160.71,Caught,0,Lost,0,1,66,16
691,2022-03-16,2022,IPL,Kolkata Knight Riders,"Wankhede Stadium, Mumbai",3,11,7,2,0,157.14,Caught,0,Won,0,0,8,2
692,2022-08-24,2022,IPL,Lucknow Super Giants,"Wankhede Stadium, Mumbai",4,5,3,0,1,166.67,Not Out,1,Won,0,0,6,3
693,2022-01-16,2022,IPL,Rajasthan Royals,"Narendra Modi Stadium, Ahmedabad",3,100,66,13,1,151.52,Caught,0,Won,1,0,58,10
694,2022-10-06,2022,IPL,Punjab Kings,"MA Chidambaram Stadium, Chennai",3,12,8,2,0,150.0,Bowled,0,Won,0,0,8,2
695,2022-09-06,2022,IPL,Gujarat Titans,"M Chinnaswamy Stadium, Bengaluru",3,96,75,14,2,128.0,Bowled,0,Won,0,1,68,31
696,2022-06-15,2022,IPL,Gujarat Titans,"M Chinnaswamy Stadium, Bengaluru",3,1,1,0,1,100.0,Bowled,0,Lost,0,0,6,5
697,2022-01-20,2022,IPL,Lucknow Super Giants,"Eden Gardens, Kolkata",3,23,17,3,0,135.29,Caught,0,Lost,0,0,12,3
698,2022-09-27,2022,IPL,Delhi Capitals,"Arun Jaitley Stadium, Delhi",3,99,76,12,1,130.26,Caught,0,Won,0,1,54,18
699,2022-05-11,2022,IPL,Gujarat Titans,"Arun Jaitley Stadium, Delhi",3,39,25,4,1,156.0,Not Out,1,Lost,0,0,22,3
700,2022-01-27,2022,IPL,Mumbai Indians,"Wankhede Stadium, Mumbai",3,92,77,15,0,119.48,Not Out,1,Won,0,1,60,30
701,2022-02-02,2022,IPL,Chennai Super Kings,"MA Chidambaram Stadium, Chennai",3,53,42,8,0,126.19,Caught,0,Lost,0,1,32,13
702,2022-12-19,2022,IPL,Sunrisers Hyderabad,"Eden Gardens, Kolkata",2,6,4,1,0,150.0,LBW,0,Won,0,0,4,1
703,2023-11-16,2023,IPL,Mumbai Indians,"M Chinnaswamy Stadium, Bengaluru",3,49,42,8,0,116.67,Caught,0,Won,0,0,32,17
704,2023-07-27,2023,IPL,Chennai Super Kings,"Eden Gardens, Kolkata",3,3,2,0,0,150.0,Caught,0,Won,0,0,0,0
705,2023-01-24,2023,IPL,Chennai Super Kings,"M Chinnaswamy Stadium, Bengaluru",3,26,17,4,0,152.94,Caught,0,Lost,0,0,16,3
706,2023-02-04,2023,IPL,Mumbai Indians,"Narendra Modi Stadium, Ahmedabad",3,10,6,2,0,166.67,Caught,0,Lost,0,0,8,2
707,2023-04-19,2023,IPL,Sunrisers Hyderabad,"Narendra Modi Stadium, Ahmedabad",3,5,4,1,0,125.0,Not Out,1,Lost,0,0,4,2
708,2023-02-25,2023,IPL,Lucknow Super Giants,"Narendra Modi Stadium, Ahmedabad",3,13,9,2,0,144.44,Bowled,0,Lost,0,0,8,2
709,2023-02-06,2023,IPL,Gujarat Titans,"Wankhede Stadium, Mumbai",3,18,12,3,0,150.0,Run Out,0,Won,0,0,12,3
710,2023-10-15,2023,IPL,Lucknow Super Giants,"Eden Gardens, Kolkata",3,64,49,9,0,130.61,Bowled,0,Lost,0,1,36,12
711,2023-06-14,2023,IPL,Lucknow Super Giants,"Narendra Modi Stadium, Ahmedabad",3,3,2,0,0,150.0,Caught,0,Won,0,0,0,0
712,2023-04-13,2023,IPL,Rajasthan Royals,"MA Chidambaram Stadium, Chennai",3,3,2,0,0,150.0,Bowled,0,Lost,0,0,0,0
713,2023-07-01,2023,IPL,Punjab Kings,"Narendra Modi Stadium, Ahmedabad",3,14,11,2,0,127.27,Caught,0,Won,0,0,8,3
714,2023-05-01,2023,IPL,Chennai Super Kings,"Eden Gardens, Kolkata",3,24,17,4,0,141.18,Caught,0,Lost,0,0,16,5
715,2023-12-27,2023,IPL,Delhi Capitals,"Eden Gardens, Kolkata",3,23,15,2,1,153.33,Not Out,1,Lost,0,0,14,3
716,2023-03-04,2023,IPL,Lucknow Super Giants,"M Chinnaswamy Stadium, Bengaluru",3,22,15,4,0,146.67,Bowled,0,Won,0,0,16,5
717,2023-10-08,2023,IPL,Kolkata Knight Riders,"Wankhede Stadium, Mumbai",3,7,6,1,0,116.67,Caught,0,Won,0,0,4,2
718,2024-04-24,2024,IPL,Punjab Kings,"M Chinnaswamy Stadium, Bengaluru",3,17,14,2,0,121.43,Caught,0,Won,0,0,8,3
719,2010-05-11,2010,T20I,Australia,Sydney Cricket Ground,3,24,21,4,0,114.29,Bowled,0,Won,0,0,16,9
720,2010-06-21,2010,T20I,Pakistan,"Eden Gardens, Kolkata",3,83,72,11,2,115.28,Not Out,1,Lost,0,1,56,32
721,2010-07-27,2010,T20I,West Indies,Dubai International Stadium,3,94,60,14,1,156.67,Not Out,1,Won,0,1,62,13
722,2010-07-22,2010,T20I,West Indies,Melbourne Cricket Ground,4,99,78,14,0,126.92,Caught,0,Lost,0,1,56,21
723,2010-07-10,2010,T20I,South Africa,"Chinnaswamy Stadium, Bengaluru",3,86,63,13,0,136.51,Caught,0,Won,0,1,52,16
724,2010-09-22,2010,T20I,Pakistan,Melbourne Cricket Ground,3,8,6,1,0,133.33,LBW,0,Lost,0,0,4,1
725,2010-03-14,2010,T20I,West Indies,Melbourne Cricket Ground,3,77,52,13,0,148.08,Not Out,1,Won,0,1,52,14
726,2010-12-04,2010,T20I,Pakistan,Melbourne Cricket Ground,3,18,14,3,0,128.57,Caught,0,Lost,0,0,12,5
727,2010-07-14,2010,T20I,Pakistan,"Eden Gardens, Kolkata",3,43,28,7,0,153.57,Not Out,1,Won,0,0,28,6
728,2011-03-06,2011,T20I,West Indies,Dubai International Stadium,3,13,11,2,0,118.18,LBW,0,Lost,0,0,8,4
729,2011-04-20,2011,T20I,West Indies,Melbourne Cricket Ground,3,0,5,0,0,0.0,Bowled,0,Won,0,0,0,5
730,2011-08-05,2011,T20I,Australia,"Chinnaswamy Stadium, Bengaluru",3,33,25,5,0,132.0,Not Out,1,Lost,0,0,20,7
731,2011-07-16,2011,T20I,Afghanistan,Sydney Cricket Ground,2,4,3,0,2,133.33,Not Out,1,Won,0,0,12,9
732,2011-01-09,2011,T20I,South Africa,Sydney Cricket Ground,3,69,59,10,1,116.95,Not Out,1,Lost,0,1,46,25
733,2011-08-28,2011,T20I,South Africa,"Chinnaswamy Stadium, Bengaluru",3,11,7,1,0,157.14,Bowled,0,Won,0,0,4,0
734,2011-07-13,2011,T20I,New Zealand,Dubai International Stadium,3,88,56,15,0,157.14,LBW,0,Won,0,1,60,13
735,2011-12-19,2011,T20I,Sri Lanka,"Chinnaswamy Stadium, Bengaluru",3,2,1,0,0,200.0,Caught,0,Won,0,0,0,0
736,2012-08-27,2012,T20I,Australia,Dubai International Stadium,3,0,5,0,0,0.0,Caught,0,Lost,0,0,0,5
737,2012-12-02,2012,T20I,South Africa,"Chinnaswamy Stadium, Bengaluru",3,6,4,1,0,150.0,Run Out,0,Lost,0,0,4,1
738,2012-07-10,2012,T20I,Australia,"Eden Gardens, Kolkata",3,0,2,0,0,0.0,Caught,0,Lost,0,0,0,2
739,2012-01-23,2012,T20I,Sri Lanka,"Chinnaswamy Stadium, Bengaluru",3,0,3,0,0,0.0,Caught,0,Won,0,0,0,3
740,2012-12-17,2012,T20I,Afghanistan,Dubai International Stadium,3,50,32,5,3,156.25,Bowled,0,Won,0,1,38,12
741,2012-01-06,2012,T20I,Pakistan,Sydney Cricket Ground,3,90,67,12,1,134.33,Caught,0,Won,0,1,54,18
742,2012-06-23,2012,T20I,South Africa,Melbourne Cricket Ground,3,0,4,0,0,0.0,Not Out,1,Lost,0,0,0,4
743,2012-11-12,2012,T20I,England,Dubai International Stadium,3,5,4,1,0,125.0,Caught,0,Won,0,0,4,2
744,2013-10-06,2013,T20I,Sri Lanka,Sydney Cricket Ground,3,90,59,14,2,152.54,Not Out,1,Lost,0,1,68,21
745,2013-10-28,2013,T20I,Australia,Melbourne Cricket Ground,3,29,19,4,1,152.63,Bowled,0,Lost,0,0,22,7
746,2013-07-10,2013,T20I,Pakistan,"Eden Gardens, Kolkata",3,18,15,3,0,120.0,Caught,0,Lost,0,0,12,6
747,2013-03-07,2013,T20I,Afghanistan,Dubai International Stadium,3,44,34,5,1,129.41,Caught,0,Won,0,0,26,10
748,2013-08-18,2013,T20I,West Indies,Dubai International Stadium,3,0,1,0,0,0.0,Not Out,1,Lost,0,0,0,1
749,2013-08-15,2013,T20I,Afghanistan,Sydney Cricket Ground,3,122,96,19,0,127.08,Caught,0,Lost,1,0,76,31
750,2013-10-21,2013,T20I,Australia,"Chinnaswamy Stadium, Bengaluru",3,1,1,0,0,100.0,Run Out,0,Won,0,0,0,0
751,2013-11-12,2013,T20I,South Africa,Dubai International Stadium,1,5,4,1,0,125.0,Caught,0,Won,0,0,4,2
752,2013-02-14,2013,T20I,West Indies,Melbourne Cricket Ground,3,55,42,7,0,130.95,Bowled,0,Lost,0,1,28,8
753,2014-10-19,2014,T20I,West Indies,"Chinnaswamy Stadium, Bengaluru",3,81,56,13,0,144.64,Not Out,1,Lost,0,1,52,14
754,2014-01-03,2014,T20I,Afghanistan,"Eden Gardens, Kolkata",3,8,5,1,0,160.0,LBW,0,Won,0,0,4,0
755,2014-09-03,2014,T20I,Sri Lanka,"Eden Gardens, Kolkata",3,94,60,15,0,156.67,Caught,0,Lost,0,1,60,11
756,2014-09-14,2014,T20I,England,"Chinnaswamy Stadium, Bengaluru",3,20,13,3,0,153.85,Not Out,1,Won,0,0,12,2
757,2014-12-21,2014,T20I,South Africa,"Chinnaswamy Stadium, Bengaluru",3,12,8,2,0,150.0,LBW,0,Lost,0,0,8,2
758,2014-12-10,2014,T20I,Afghanistan,Sydney Cricket Ground,3,0,6,0,1,0.0,Caught,0,Lost,0,0,6,11
759,2014-10-12,2014,T20I,New Zealand,Melbourne Cricket Ground,3,74,58,10,1,127.59,Not Out,1,Lost,0,1,46,19
760,2014-08-26,2014,T20I,Afghanistan,Melbourne Cricket Ground,3,61,43,9,1,141.86,Bowled,0,Lost,0,1,42,14
761,2015-01-04,2015,T20I,South Africa,Dubai International Stadium,3,45,30,7,1,150.0,Caught,0,Lost,0,0,34,11
762,2015-10-14,2015,T20I,England,Sydney Cricket Ground,3,6,4,1,0,150.0,Bowled,0,Lost,0,0,4,1
763,2015-05-09,2015,T20I,South Africa,Dubai International Stadium,3,7,6,1,0,116.67,Caught,0,Lost,0,0,4,2
764,2015-06-11,2015,T20I,New Zealand,Sydney Cricket Ground,3,46,30,6,0,153.33,LBW,0,Lost,0,0,24,2
765,2015-06-22,2015,T20I,Australia,Sydney Cricket Ground,3,16,10,2,0,160.0,Not Out,1,Lost,0,0,8,0
766,2015-11-15,2015,T20I,Australia,"Chinnaswamy Stadium, Bengaluru",3,19,13,3,0,146.15,LBW,0,Lost,0,0,12,3
767,2015-12-02,2015,T20I,Afghanistan,"Chinnaswamy Stadium, Bengaluru",3,5,3,1,0,166.67,Not Out,1,Lost,0,0,4,1
768,2015-10-22,2015,T20I,New Zealand,"Eden Gardens, Kolkata",3,20,14,3,0,142.86,Not Out,1,Lost,0,0,12,3
769,2016-01-11,2016,T20I,New Zealand,Sydney Cricket Ground,3,3,3,0,0,100.0,Caught,0,Won,0,0,0,0
770,2016-10-04,2016,T20I,Pakistan,"Eden Gardens, Kolkata",3,80,56,8,4,142.86,Run Out,0,Won,0,1,56,20
771,2016-02-16,2016,T20I,New Zealand,Melbourne Cricket Ground,3,6,4,1,0,150.0,Caught,0,Lost,0,0,4,1
772,2016-02-12,2016,T20I,West Indies,Dubai International Stadium,3,70,56,9,1,125.0,Caught,0,Lost,0,1,42,18
773,2016-08-17,2016,T20I,England,Melbourne Cricket Ground,3,10,7,1,0,142.86,Bowled,0,Lost,0,0,4,0
774,2016-06-05,2016,T20I,Afghanistan,Dubai International Stadium,3,72,47,10,1,153.19,Bowled,0,Lost,0,1,46,10
775,2016-07-23,2016,T20I,Pakistan,"Chinnaswamy Stadium, Bengaluru",3,96,77,11,2,124.68,Caught,0,Lost,0,1,56,24
776,2016-02-11,2016,T20I,Australia,Sydney Cricket Ground,3,76,51,11,1,149.02,LBW,0,Lost,0,1,50,13
777,2017-05-01,2017,T20I,England,"Chinnaswamy Stadium, Bengaluru",3,57,40,9,0,142.5,Not Out,1,Won,0,1,36,10
778,2017-05-18,2017,T20I,South Africa,"Eden Gardens, Kolkata",3,91,69,11,1,131.88,Not Out,1,Won,0,1,50,16
779,2017-02-01,2017,T20I,England,"Chinnaswamy Stadium, Bengaluru",3,97,75,13,0,129.33,LBW,0,Lost,0,1,52,17
780,2017-06-09,2017,T20I,England,Melbourne Cricket Ground,3,42,34,5,1,123.53,Caught,0,Lost,0,0,26,12
781,2017-05-20,2017,T20I,West Indies,"Eden Gardens, Kolkata",3,56,39,6,2,143.59,Not Out,1,Lost,0,1,36,11
782,2017-11-02,2017,T20I,Australia,Dubai International Stadium,3,15,12,2,0,125.0,Caught,0,Won,0,0,8,3
783,2017-10-19,2017,T20I,England,Sydney Cricket Ground,3,8,6,1,0,133.33,Not Out,1,Won,0,0,4,1
784,2017-11-26,2017,T20I,West Indies,"Chinnaswamy Stadium, Bengaluru",4,21,16,3,0,131.25,Not Out,1,Won,0,0,12,4
785,2017-12-15,2017,T20I,Pakistan,Dubai International Stadium,3,53,44,8,1,120.45,Caught,0,Lost,0,1,38,20
786,2018-03-28,2018,T20I,Afghanistan,"Chinnaswamy Stadium, Bengaluru",3,91,66,16,0,137.88,Caught,0,Lost,0,1,64,23
787,2018-11-11,2018,T20I,New Zealand,"Eden Gardens, Kolkata",3,0,4,0,0,0.0,Not Out,1,Won,0,0,0,4
788,2018-08-15,2018,T20I,Australia,Melbourne Cricket Ground,3,99,84,13,0,117.86,Run Out,0,Lost,0,1,52,24
789,2018-02-13,2018,T20I,New Zealand,Dubai International Stadium,3,15,10,2,0,150.0,Caught,0,Won,0,0,8,1
790,2018-07-19,2018,T20I,England,Sydney Cricket Ground,3,7,5,1,0,140.0,Not Out,1,Lost,0,0,4,1
791,2018-07-03,2018,T20I,South Africa,"Eden Gardens, Kolkata",3,1,1,0,0,100.0,Caught,0,Won,0,0,0,0
792,2018-06-18,2018,T20I,Sri Lanka,Melbourne Cricket Ground,3,39,25,4,2,156.0,Caught,0,Won,0,0,28,8
793,2018-08-04,2018,T20I,England,"Chinnaswamy Stadium, Bengaluru",3,44,29,6,1,151.72,Caught,0,Lost,0,0,30,8
794,2019-03-10,2019,T20I,New Zealand,Sydney Cricket Ground,1,3,2,0,0,150.0,Caught,0,Won,0,0,0,0
795,2019-01-03,2019,T20I,Sri Lanka,Melbourne Cricket Ground,3,64,49,10,0,130.61,Not Out,1,Won,0,1,40,15
796,2019-08-18,2019,T20I,Australia,"Eden Gardens, Kolkata",3,11,7,2,0,157.14,Caught,0,Won,0,0,8,2
797,2019-06-10,2019,T20I,Afghanistan,"Chinnaswamy Stadium, Bengaluru",3,1,1,0,0,100.0,Bowled,0,Lost,0,0,0,0
798,2019-12-12,2019,T20I,West Indies,Dubai International Stadium,3,53,33,8,1,160.61,Caught,0,Lost,0,1,38,9
799,2019-01-12,2019,T20I,Sri Lanka,"Chinnaswamy Stadium, Bengaluru",3,11,7,2,0,157.14,Caught,0,Lost,0,0,8,2
800,2019-06-04,2019,T20I,Australia,"Eden Gardens, Kolkata",3,41,27,6,1,151.85,Caught,0,Won,0,0,30,9
801,2019-11-11,2019,T20I,South Africa,Sydney Cricket Ground,3,46,34,6,1,135.29,Bowled,0,Lost,0,0,30,11
802,2020-08-05,2020,T20I,Sri Lanka,Melbourne Cricket Ground,3,46,32,6,1,143.75,Not Out,1,Won,0,0,30,9
803,2020-11-05,2020,T20I,New Zealand,Melbourne Cricket Ground,1,46,29,4,3,158.62,Not Out,1,Won,0,0,34,10
804,2020-07-05,2020,T20I,Pakistan,Dubai International Stadium,4,74,49,8,3,151.02,Caught,0,Lost,0,1,50,14
805,2020-07-20,2020,T20I,Afghanistan,Melbourne Cricket Ground,3,0,6,0,0,0.0,Caught,0,Won,0,0,0,6
806,2020-07-12,2020,T20I,Sri Lanka,Melbourne Cricket Ground,3,0,5,0,0,0.0,Caught,0,Won,0,0,0,5
807,2020-12-08,2020,T20I,Australia,"Chinnaswamy Stadium, Bengaluru",3,0,5,0,1,0.0,LBW,0,Won,0,0,6,10
808,2020-08-23,2020,T20I,New Zealand,"Eden Gardens, Kolkata",4,9,8,1,0,112.5,Run Out,0,Won,0,0,4,2
809,2020-05-15,2020,T20I,England,"Chinnaswamy Stadium, Bengaluru",1,13,11,2,0,118.18,Not Out,1,Won,0,0,8,4
810,2020-11-03,2020,T20I,South Africa,"Chinnaswamy Stadium, Bengaluru",3,69,50,11,0,138.0,Bowled,0,Lost,0,1,44,14
811,2021-09-25,2021,T20I,West Indies,Dubai International Stadium,3,37,25,5,1,148.0,Caught,0,Lost,0,0,26,8
812,2021-06-26,2021,T20I,Afghanistan,"Eden Gardens, Kolkata",3,99,69,14,0,143.48,Caught,0,Lost,0,1,56,12
813,2021-05-24,2021,T20I,Australia,"Chinnaswamy Stadium, Bengaluru",3,99,66,14,1,150.0,Bowled,0,Won,0,1,62,14
814,2021-01-22,2021,T20I,Afghanistan,"Eden Gardens, Kolkata",3,0,5,0,0,0.0,LBW,0,Lost,0,0,0,5
815,2021-09-03,2021,T20I,Australia,"Eden Gardens, Kolkata",3,52,40,7,0,130.0,Caught,0,Won,0,1,28,9
816,2021-12-04,2021,T20I,West Indies,"Chinnaswamy Stadium, Bengaluru",3,10,8,1,0,125.0,Caught,0,Won,0,0,4,1
817,2021-03-09,2021,T20I,Pakistan,Melbourne Cricket Ground,3,32,22,4,1,145.45,Caught,0,Lost,0,0,22,7
818,2021-03-20,2021,T20I,Australia,Melbourne Cricket Ground,3,52,39,7,0,133.33,Run Out,0,Lost,0,1,28,8
819,2022-08-24,2022,T20I,Sri Lanka,Melbourne Cricket Ground,3,44,29,4,3,151.72,Caught,0,Lost,0,0,34,12
820,2022-02-02,2022,T20I,New Zealand,Melbourne Cricket Ground,3,0,1,0,0,0.0,Bowled,0,Lost,0,0,0,1
821,2022-09-08,2022,T20I,Afghanistan,Sydney Cricket Ground,3,1,1,0,0,100.0,Caught,0,Lost,0,0,0,0
822,2022-09-28,2022,T20I,Sri Lanka,Sydney Cricket Ground,4,0,4,0,0,0.0,Caught,0,Won,0,0,0,4
823,2022-11-02,2022,T20I,Sri Lanka,Dubai International Stadium,3,21,14,4,0,150.0,LBW,0,Lost,0,0,16,5
824,2022-11-28,2022,T20I,New Zealand,"Eden Gardens, Kolkata",3,0,4,0,0,0.0,Caught,0,Lost,0,0,0,4
825,2022-10-13,2022,T20I,West Indies,Sydney Cricket Ground,3,25,16,3,0,156.25,Bowled,0,Won,0,0,12,0
826,2022-04-17,2022,T20I,South Africa,"Eden Gardens, Kolkata",3,0,6,0,0,0.0,Caught,0,Lost,0,0,0,6
827,2023-01-27,2023,T20I,Pakistan,Dubai International Stadium,1,86,66,11,0,130.3,Not Out,1,Lost,0,1,44,13
828,2023-12-10,2023,T20I,England,"Eden Gardens, Kolkata",3,46,31,7,0,148.39,Caught,0,Won,0,0,28,6
829,2023-10-22,2023,T20I,Australia,Melbourne Cricket Ground,3,88,60,11,0,146.67,Not Out,1,Lost,0,1,44,5
830,2023-02-28,2023,T20I,England,"Chinnaswamy Stadium, Bengaluru",2,0,6,0,0,0.0,Not Out,1,Won,0,0,0,6
831,2023-08-22,2023,T20I,England,Dubai International Stadium,3,2,1,0,1,200.0,Bowled,0,Won,0,0,6,4
832,2023-11-25,2023,T20I,West Indies,"Eden Gardens, Kolkata",3,0,4,0,0,0.0,Caught,0,Won,0,0,0,4
833,2023-07-11,2023,T20I,England,Dubai International Stadium,3,71,55,9,0,129.09,Not Out,1,Won,0,1,36,11
834,2023-04-20,2023,T20I,West Indies,Sydney Cricket Ground,3,6,5,1,0,120.0,Bowled,0,Lost,0,0,4,2
835,2024-07-07,2024,T20I,Afghanistan,"Chinnaswamy Stadium, Bengaluru",3,0,1,0,0,0.0,Bowled,0,Won,0,0,0,1
